Title,Description,Thumbnail url,Channel name,Views,Likes,Comments,Duration in seconds,Duration in minutes,Duration in timestamp,Duration,Uploaded Time,Video url,Tags,Tags (in description),Emails (in description),Links (in description)
What is Machine Learning? | 100 Days of Machine Learning,"Machine learning is the study of computer algorithms that can improve automatically through experience and by the use of data. It is seen as a part of artificial intelligence. Machine learning algorithms build a model based on sample data, known as ""training data"", in order to make predictions or decisions without being explicitly programmed to do so. Machine learning algorithms are used in a wide variety of applications, such as in medicine, email filtering, speech recognition, and computer vision, where it is difficult or unfeasible to develop conventional algorithms to perform the needed tasks.

In this video, we will discuss what Machine Learning is and how it has evolved over the years.

============================
Do you want to learn from me?
Check my affordable mentorship program at : https://learnwith.campusx.in/s/store
============================

📱 Grow with us:
CampusX' LinkedIn: https://www.linkedin.com/company/campusx-official
CampusX on Instagram for daily tips: https://www.instagram.com/campusx.official
My LinkedIn: https://www.linkedin.com/in/nitish-singh-03412789
Discord: https://discord.gg/PsWu8R87Z8
E-mail us at support@campusx.in

✨ Hashtags✨

#MachineLearning #MachineLearningTutorial #MachineLearningCourse #MachineLearningPython #MachineLearningAlgorithms #MachineLearningAlgorithmsForDataScience #WhatIsMachineLearning",https://i.ytimg.com/vi/ZftI2fEz0Fw/sddefault.jpg,CampusX,2827386,29670,1653,1200,20,20:00,"20 Minutes, 0 Seconds",2021-03-13T16:15:53,https://www.youtube.com/watch?v=ZftI2fEz0Fw,"[#machine learning tutorial, #machine learning course, #machine learning python, #machine learning algorithms, #machine learning explained, #machine learning algorithms for data science, #what is machine learning, #what is machine learning in hindi, #machine learning basics for beginners, #end to end machine learning, #What is machine learning with example?, #Machine learning introduction, #deep learning, #campusx, #machine learning, #nitish singh campusx, #nitish sir campusx]","[#MachineLearningAlgorithms, #WhatIsMachineLearning, #MachineLearningPython, #MachineLearning, #MachineLearningAlgorithmsForDataScience, #MachineLearningCourse, #MachineLearningTutorial]",[support@campusx.in],"[https://discord.gg/PsWu8R87Z8, https://www.linkedin.com/company/campusx-official, https://learnwith.campusx.in/s/store, https://www.linkedin.com/in/nitish-singh-03412789, https://www.instagram.com/campusx.official]"
AI Vs ML Vs DL for Beginners in Hindi,"AI is an umbrella discipline that covers everything related to making machines smarter. Machine Learning (ML) is commonly used along with AI but it is a subset of AI. ML refers to an AI system that can self-learn based on the algorithm. Systems that get smarter and smarter over time without human intervention are ML. Deep Learning (DL) is a machine learning (ML) applied to large data sets. Most AI work involves ML because intelligent behavior requires considerable knowledge.

============================
Do you want to learn from me?
Check my affordable mentorship program at : https://learnwith.campusx.in/s/store
============================

📱 Grow with us:
CampusX' LinkedIn: https://www.linkedin.com/company/campusx-official
CampusX on Instagram for daily tips: https://www.instagram.com/campusx.official
My LinkedIn: https://www.linkedin.com/in/nitish-singh-03412789
Discord: https://discord.gg/PsWu8R87Z8
E-mail us at support@campusx.in

✨ Hashtags✨
#100DaysOfMachineLearning #MachineLearningFullCourse #MachineLearningInHindi",https://i.ytimg.com/vi/1v3_AQ26jZ0/sddefault.jpg,CampusX,556619,13063,426,962,16.03,16:02,"16 Minutes, 2 Seconds",2021-03-15T16:28:35,https://www.youtube.com/watch?v=1v3_AQ26jZ0,"[#ai vs ml vs dl, #artificial intelligence vs machine learning, #ai vs ml vs dl vs data science, #artificial intelligence in hindi, #machine learning vs ai, #deep learning vs machine learning, #ai vs ml, #what is ai, #what is ml, #what is machine learning, #machine learning in hindi, #machine learning with python, #ai vs ml vs ml in hindi, #ai vs ml vs dl for beginners, #campusx, #nitish sir campusx, #100 days of machine learning, #machine learning full course, #data science in hindi]","[#100DaysOfMachineLearning, #MachineLearningFullCourse, #MachineLearningInHindi]",[support@campusx.in],"[https://discord.gg/PsWu8R87Z8, https://www.linkedin.com/company/campusx-official, https://learnwith.campusx.in/s/store, https://www.linkedin.com/in/nitish-singh-03412789, https://www.instagram.com/campusx.official]"
Types of Machine Learning for Beginners | Types of Machine learning in Hindi | Types of ML in Depth,"In this video, what are the various types of Machine Learning and their sub-types.
Types of learning that you must be familiar with as a machine learning practitioner are:

1. Supervised Machine Learning
2. Semi-supervised Learning
3. Unsupervised Learning
4. Reinforcement Learning

Resources used in this video:

The Beer and Diaper Story:
https://tdwi.org/articles/2016/11/15/beer-and-diapers-impossible-correlation.aspx

Alphago Documentary:
https://www.youtube.com/watch?v=WXuK6gekU1Y

Dimensionality Reduction in action:
https://colah.github.io/posts/2014-10-Visualizing-MNIST/

============================
Do you want to learn from me?
Check my affordable mentorship program at : https://learnwith.campusx.in/s/store
============================

📱 Grow with us:
CampusX' LinkedIn: https://www.linkedin.com/company/campusx-official
CampusX on Instagram for daily tips: https://www.instagram.com/campusx.official
My LinkedIn: https://www.linkedin.com/in/nitish-singh-03412789
Discord: https://discord.gg/PsWu8R87Z8
E-mail us at support@campusx.in

⌚Time Stamps⌚

00:00 - Intro
00:45 - Types of ML
01:50 - Supervised Learning
08:10 - Unsupervised Learning
20:55 - Semi Supervised Learning
27:25 - Outro",https://i.ytimg.com/vi/81ymPYEtFOw/sddefault.jpg,CampusX,637009,13923,399,1662,27.7,27:42,"27 Minutes, 42 Seconds",2021-03-16T13:49:16,https://www.youtube.com/watch?v=81ymPYEtFOw,"[#types of machine learning, #supervised learning in artificial intelligence, #Types of Machine Learning for Beginners, #Types of Machine learning in Hindi, #supervised vs unsupervised machine learning, #supervised vs unsupervised vs reinforcement learning, #supervised vs unsupervised learning examples, #supervised vs unsupervised learning algorithms, #supervised vs unsupervised learning vs semi-supervised learning, #campusx, #nitish sir campusx, #100 days of machine learning]",[],[support@campusx.in],"[https://discord.gg/PsWu8R87Z8, https://www.linkedin.com/company/campusx-official, https://learnwith.campusx.in/s/store, https://www.linkedin.com/in/nitish-singh-03412789, https://tdwi.org/articles/2016/11/15/beer-and-diapers-impossible-correlation.aspx, https://www.youtube.com/watch?v=WXuK6gekU1Y, https://www.instagram.com/campusx.official, https://colah.github.io/posts/2014-10-Visualizing-MNIST/]"
Batch Machine Learning | Offline Vs Online Learning | Machine Learning Types,"Batch Machine Learning | Offline Vs Online Learning | Machine Learning Types

Hi, my name is Nitish Singh and you are welcome to my YouTube channel. In this video, discuss the concept of Batch Machine Learning, we will also discuss Offline Vs Online Machine Learning.

Batch Machine Learning: In the machine learning world, offline learning refers to situations where the program is not operating and taking in new information in real-time. Instead, it has a static set of input data. The opposite is online learning, where the machine learning program is working in real-time on data that comes in. From this video, we will learn the pros and cons of batch machine 
learning.

For Online Learning
https://youtu.be/3oOipgCbLIk

Top Playlists on my channel:

100 Days Machine Learning Playlist
https://www.youtube.com/playlist?list=PLKnIA16_Rmvbr7zKYQuBfsVkjoLcJgxHH

100 Days of Python
https://www.youtube.com/playlist?list=PLKnIA16_Rmvb1RYR-iTA_hzckhdONtSW4

Machine Learning Projects
https://www.youtube.com/playlist?list=PLKnIA16_RmvY5eP91BGPa0vXUYmIdtfPQ


About CampusX:

CampusX is an online mentorship program for engineering students. We offer a 6-month long mentorship to students in the latest cutting-edge technologies like Machine Learning, Python, Web Development, and Deep Learning & Neural networks.

At its core, CampusX aims to change the education system of India. We believe that high-quality education is not just for the privileged few. It is the right of everyone who seeks it. Through our mentorship program, we aim to bring quality education to every single student. A mentored student is provided with guidance on how to ace a technology through 24x7 mentorship, live and recorded video lectures, daily skill-building activities, project assignments, and evaluation, hackathons, interactions with industry experts, soft skill training, personal counseling, and comprehensive reports. All we need from you is intent, a ray of passion to learn.




** Tags **
machine learning, types of machine learning, machine learning tutorial, online machine learning, machine learning types, online learning, batch learning, what is machine learning, supervised learning, deep learning, batch learning vs online learning, machine learning in Hindi, unsupervised learning, machine learning algorithms, batch learning machine learning, type of machine learning, machine learning explained, machine learning Hindi, machine learning in Urdu

Connect with us:

Website: http://www.campusx.in

Linkedin: https://www.linkedin.com/in/nitish-singh-03412789/

Instagram: https://www.instagram.com/campusx.official/

Github: https://github.com/campusx-official

Email: nitish.campusx@gmail.com

Chat on Whatsapp: https://wa.me/918420166148

#100DaysOfMachineLearning #MachineLearningFullCourse #MachineLearningInHindi",https://i.ytimg.com/vi/nPrhFxEuTYU/sddefault.jpg,CampusX,410171,8574,242,688,11.47,11:28,"11 Minutes, 28 Seconds",2021-03-17T14:13:41,https://www.youtube.com/watch?v=nPrhFxEuTYU,"[#batch machine learning, #online machine learning, #types of machine learning, #online learning, #offline learning, #batch learning vs online learning, #campusx, #nitish singh campusx, #machine learning in urdu, #machine learning tutorial, #100 days of machine learning, #machine learning course, #nitish sir campusx, #machine learning full course, #machine learning end to end, #data science full course, #data science in hindi, #machine learning in hindi, #machine learning for beginners]","[#100DaysOfMachineLearning, #MachineLearningFullCourse, #MachineLearningInHindi]",[nitish.campusx@gmail.com],"[https://www.youtube.com/playlist?list=PLKnIA16_Rmvbr7zKYQuBfsVkjoLcJgxHH, https://github.com/campusx-official, https://www.instagram.com/campusx.official/, https://wa.me/918420166148, https://www.youtube.com/playlist?list=PLKnIA16_Rmvb1RYR-iTA_hzckhdONtSW4, https://www.youtube.com/playlist?list=PLKnIA16_RmvY5eP91BGPa0vXUYmIdtfPQ, https://www.linkedin.com/in/nitish-singh-03412789/, https://youtu.be/3oOipgCbLIk, http://www.campusx.in]"
Online Machine Learning | Online Learning | Online Vs Offline Machine Learning,"Online learning is a common technique used in areas of machine learning where it is computationally infeasible to train over the entire dataset, requiring the need for out-of-core algorithms. It is also used in situations where it is necessary for the algorithm to dynamically adapt to new patterns in the data, or when the data itself is generated as a function of time, e.g., stock price prediction. Online learning algorithms may be prone to catastrophic interference, a problem that can be addressed by incremental learning approaches. 

Online Learning:
https://youtu.be/3oOipgCbLIk

River Website: https://riverml.xyz/dev/

Vowpal Wabbit: https://vowpalwabbit.org/

Code used: https://github.com/campusx-official/online-ml-sklearn-demo

============================
Do you want to learn from me?
Check my affordable mentorship program at : https://learnwith.campusx.in/s/store
============================

📱 Grow with us:
CampusX' LinkedIn: https://www.linkedin.com/company/campusx-official
CampusX on Instagram for daily tips: https://www.instagram.com/campusx.official
My LinkedIn: https://www.linkedin.com/in/nitish-singh-03412789
Discord: https://discord.gg/PsWu8R87Z8
E-mail us at support@campusx.in

✨ Hashtags✨

#100DaysOfMachineLearning #MachineLearningFullCourse #MachineLearningInHindi

⌚Time Stamps⌚

00:00 - Intro
00:42 - What is Online Machine Learning?
02:20 - How does online ML works?
05:58 - When should you use Online ML?
09:55 - River Library
10:45 - Vowpal Wabbit
11:20 - What is Online Learning Rate?
12:30 - Out of Core Learning
14:15 - Disadvantages of Online ML
16:50 - Differences between Batch vs Online Learning
19:10 - Outro",https://i.ytimg.com/vi/3oOipgCbLIk/sddefault.jpg,CampusX,359194,9983,280,1168,19.47,19:28,"19 Minutes, 28 Seconds",2021-03-18T12:41:31,https://www.youtube.com/watch?v=3oOipgCbLIk,"[#online machine learning, #batch machine learning, #types of machine learning, #online vs batch machine learning, #machine learning playlist, #machine learning course, #machine learning tutorial, #machine learning for beginners, #online vs offline learning, #campusx, #nitish sir campusx, #100 days of machine learning, #machine learning full course, #machine learning end to end, #data science full course, #data science in hindi, #machine learning in hindi, #online learning]","[#100DaysOfMachineLearning, #MachineLearningFullCourse, #MachineLearningInHindi]",[support@campusx.in],"[https://riverml.xyz/dev/, https://github.com/campusx-official/online-ml-sklearn-demo, https://www.linkedin.com/company/campusx-official, https://discord.gg/PsWu8R87Z8, https://vowpalwabbit.org/, https://learnwith.campusx.in/s/store, https://www.linkedin.com/in/nitish-singh-03412789, https://www.instagram.com/campusx.official, https://youtu.be/3oOipgCbLIk]"
Instance-Based Vs Model-Based Learning | Types of Machine Learning,"The Machine Learning systems which are categorized as instance-based learning are the systems that learn the training examples by heart and then generalize to new instances based on some similarity measure. It is called instance-based because it builds the hypotheses from the training instances. It is also known as memory-based learning or lazy learning. The time complexity of this algorithm depends upon the size of training data. The worst-case time complexity of this algorithm is O (n), where n is the number of training instances.

A system is called model-based when it learns from the data and creates a model, which has some parameters and it predicts the output by using this data trained model.

============================
Do you want to learn from me?
Check my affordable mentorship program at : https://learnwith.campusx.in/s/store
============================

📱 Grow with us:
CampusX' LinkedIn: https://www.linkedin.com/company/campusx-official
CampusX on Instagram for daily tips: https://www.instagram.com/campusx.official
My LinkedIn: https://www.linkedin.com/in/nitish-singh-03412789
Discord: https://discord.gg/PsWu8R87Z8
E-mail us at support@campusx.in

✨ Hashtags✨

#100DaysOfMachineLearning #MachineLearningFullCourse #MachineLearningInHindi

⌚Time Stamps⌚

00:00 - Intro
00:50 - Instance vs Model Based Learning
03:00 - Instance based Learning
07:45 - Model based Learning
11:20 - Differences
16:30 - Outro",https://i.ytimg.com/vi/ntAOq1ioTKo/sddefault.jpg,CampusX,325840,8374,216,1004,16.73,16:44,"16 Minutes, 44 Seconds",2021-03-19T13:34:29,https://www.youtube.com/watch?v=ntAOq1ioTKo,"[#instance based learning, #instance based machine learning, #instance-based machine learning, #instance-based ml, #model-based machine learning, #model based machine learning, #model based learning, #model-based learning, #model-based ml, #instance-based vs model-based, #instance based vs model based, #machine learning tutorial, #machine learning types, #machine learning playlist, #campusx, #Instance-Based Vs Model-Based Learning, #Types of Machine Learning, #nitish sir campusx]","[#100DaysOfMachineLearning, #MachineLearningFullCourse, #MachineLearningInHindi]",[support@campusx.in],"[https://discord.gg/PsWu8R87Z8, https://www.linkedin.com/company/campusx-official, https://learnwith.campusx.in/s/store, https://www.linkedin.com/in/nitish-singh-03412789, https://www.instagram.com/campusx.official]"
Challenges in Machine Learning | Problems in Machine Learning,"Machine Learning or ML is one of the most successful applications of Artificial intelligence which provides systems with automated learning without being constantly programmed. It has acquired a ton of noticeable quality lately due to its capacity to be applied across scores of ventures to tackle complex issues quickly and effectively. From Digital assistants that play your music to the products being recommended based on prior search, Machine Learning has taken over many aspects of our life.  It is a skill in high demand as companies require software that can grasp data and provide accurate results. The core objective is to obtain optimal functions with less confusion. But in this field, there are also many challenges and difficulties from development to production stages. 

The Cost of AI: https://research.google/pubs/pub43146/

============================
Do you want to learn from me?
Check my affordable mentorship program at : https://learnwith.campusx.in/s/store
============================

📱 Grow with us:
CampusX' LinkedIn: https://www.linkedin.com/company/campusx-official
CampusX on Instagram for daily tips: https://www.instagram.com/campusx.official
My LinkedIn: https://www.linkedin.com/in/nitish-singh-03412789
Discord: https://discord.gg/PsWu8R87Z8
Instagram: https://www.instagram.com/campusx.official
E-mail us at support@campusx.in

✨ Hashtags✨
#100DaysOfMachineLearning #MachineLearningFullCourse #MachineLearningInHindi

⌚Time Stamps⌚

00:00 - Intro
00:50 - Data Collection
02:22 - Insufficient Data
06:10 - Non Representative Data
09:19 - Poor Quality Data
10:32 - Irrelevant Features
13:05 - Overfitting
15:39 - Underfitting
16:33 - Software Integration
19:20 - Offline Learning/Deployment
20:45 - Cost Involved
23:20 - Outro",https://i.ytimg.com/vi/WGUNAJki2S4/sddefault.jpg,CampusX,286659,8842,272,1420,23.67,23:40,"23 Minutes, 40 Seconds",2021-03-20T14:09:26,https://www.youtube.com/watch?v=WGUNAJki2S4,"[#challenges of machine learning, #challenges of ml, #100 days of machine learning, #campusx, #challenges for machine learning, #machine learning in industry, #intuitive machine learning, #machine learning playlist, #data science full course in hindi, #machine learning course for beginners, #machine learning end to end, #data science full course, #data science in hindi, #machine learning in hindi, #data science for beginners, #challenges in machine learning, #problems in machine learning]","[#100DaysOfMachineLearning, #MachineLearningFullCourse, #MachineLearningInHindi]",[support@campusx.in],"[https://discord.gg/PsWu8R87Z8, https://www.linkedin.com/company/campusx-official, https://learnwith.campusx.in/s/store, https://www.linkedin.com/in/nitish-singh-03412789, https://research.google/pubs/pub43146/, https://www.instagram.com/campusx.official]"
Application of Machine Learning | Real Life Machine Learning Applications,"In this video, we will discuss the wide range of applications of Machine Learning in different fields. Machine learning is the latest buzzword sweeping across the global business landscape. It’s captured the popular imagination, conjuring up visions of futuristic self-learning AI and robots. In industry, machine learning has paved the way for technological accomplishments and tools that would have been impossible a few years ago. From prediction engines to online TV live streaming, it powers the breakthrough innovations that support our modern lifestyles. In this video, we will discuss all the fields where machine learning technologies are used.

============================
Do you want to learn from me?
Check my affordable mentorship program at : https://learnwith.campusx.in/s/store
============================

📱 Grow with us:
CampusX' LinkedIn: https://www.linkedin.com/company/campusx-official
CampusX on Instagram for daily tips: https://www.instagram.com/campusx.official
My LinkedIn: https://www.linkedin.com/in/nitish-singh-03412789
Discord: https://discord.gg/PsWu8R87Z8
Instagram: https://www.instagram.com/campusx.official
E-mail us at support@campusx.in

✨ Hashtags✨
#100DaysOfMachineLearning #MachineLearningFullCourse #MachineLearningInHindi

⌚Time Stamps⌚

00:00 - Intro
03:00 - Application in Retail Sector
09:33 - Banking and Finance
11:21 - Transportation
15:08 - Manufacturing
17:53 - Consumer Internet
19:40 - IMDB Movie Review Application
28:40 - Outro",https://i.ytimg.com/vi/UZio8TcTMrI/sddefault.jpg,CampusX,242511,10713,279,1742,29.03,29:02,"29 Minutes, 2 Seconds",2021-03-22T14:14:44,https://www.youtube.com/watch?v=UZio8TcTMrI,"[#machine learning applications, #real-life machine learning applications, #machine learning applications example, #machine learning based products, #machile learning for beginners, #top 10 applications of machine learning, #campusx, #data science full course, #machine learning full course, #data science full course in hindi, #machine learning full course in hindi, #how companies use machine learning, #practical uses of data science, #examples of data science, #intuitive data science]","[#100DaysOfMachineLearning, #MachineLearningFullCourse, #MachineLearningInHindi]",[support@campusx.in],"[https://discord.gg/PsWu8R87Z8, https://www.linkedin.com/company/campusx-official, https://learnwith.campusx.in/s/store, https://www.linkedin.com/in/nitish-singh-03412789, https://www.instagram.com/campusx.official]"
Machine Learning Development Life Cycle | MLDLC in Data Science,"Machine learning has given computer systems the ability to automatically learn without being explicitly programmed. But how does a machine learning system work? So, it can be described using the life cycle of machine learning. Machine learning life cycle is a cyclic process to build an efficient machine learning project. The main purpose of the life cycle is to find a solution to the problem or project.


The machine learning life cycle involves seven major steps, which are given below:
1. Gathering Data
2. Data preparation
3. Data Wrangling
4. Analise Data
5. Train the model
6. Test the model
7. Deployment

============================
Do you want to learn from me?
Check my affordable mentorship program at : https://learnwith.campusx.in/s/store
============================

📱 Grow with us:
CampusX' LinkedIn: https://www.linkedin.com/company/campusx-official
CampusX on Instagram for daily tips: https://www.instagram.com/campusx.official
My LinkedIn: https://www.linkedin.com/in/nitish-singh-03412789
Discord: https://discord.gg/PsWu8R87Z8
Instagram: https://www.instagram.com/campusx.official
E-mail us at support@campusx.in

✨ Hashtags✨
#100DaysOfMachineLearning #MachineLearningFullCourse #MachineLearningInHindi

⌚Time Stamps⌚

00:00 - Intro
01:02 - Background of the Topic
01:40 - What is Software Development Life Cycle
04:40 - Framing the problem
06:00 - Gathering the Data
08:32 - Data Pre-Processing
10:25 - EDA
13:20 - Feature Engineering and Selection
15:43 - Model Training, Evaluation and Selection+
19:23 - Model Deployment
21:23 - Beta Testing
22:45 - Optimizing the Model",https://i.ytimg.com/vi/iDbhQGz_rEo/sddefault.jpg,CampusX,289170,9078,248,1513,25.22,25:13,"25 Minutes, 13 Seconds",2021-03-23T14:44:09,https://www.youtube.com/watch?v=iDbhQGz_rEo,"[#machine learning life cycle, #development of machine learning, #life cycle of machine learning in hindi, #ml life cycle, #complete machine learning course, #campusx, #nitish sir campusx, #100 days of machine learning, #machine learning full course, #machine learning end to end, #data science full course, #data science in hindi, #machine learning in hindi, #data science for beginners, #machine learning for beginners, #Machine Learning Development Life Cycle, #MLDLC in Data Science]","[#100DaysOfMachineLearning, #MachineLearningFullCourse, #MachineLearningInHindi]",[support@campusx.in],"[https://discord.gg/PsWu8R87Z8, https://www.linkedin.com/company/campusx-official, https://learnwith.campusx.in/s/store, https://www.linkedin.com/in/nitish-singh-03412789, https://www.instagram.com/campusx.official]"
Data Engineer Vs Data Analyst Vs Data Scientist Vs ML Engineer | Data Science Job Roles,"A Data Scientist employs advanced data techniques such as clustering, neural networks, decision trees, and the like for deriving business insights. In this role, you will be the senior-most in a team and should have deep expertise in machine learning, statistics, and data handling. You will be responsible for developing actionable business insights after they get inputs from Data Analysts and Data Engineers. You should have the skill-set of both data analyst and data engineer. However, in the case of a data scientist, the skill sets need to be more in-depth and exhaustive.

A Data Analyst occupies an entry-level role in a data analytics team. In this role, you need to be adept at translating numeric data into a form that can be understood by everyone in an organization. Moreover, you need to have required proficiency in several areas, including programming languages such as python, tools such as excel, fundamentals of data handling, reporting, and modeling.  With enough experience under your belt, you can gradually progress from a data analyst to assume the role of a data engineer and a data scientist. 

Data Engineers are the intermediary between data analysts and data scientists. As a data engineer, you will be responsible for the pairing and preparation of data for operational or analytical purposes. A lot of experience in the construction, development, and maintenance of the data architecture will be demanded from you for this role. Usually, in this role, you will get to work on Big Data, compile reports on it, and send it to data scientists for analysis.

Further Reading:
Read more: https://medium.com/campusx/exploring-the-mystery-behind-different-job-titles-for-machine-learning-and-data-science-9352849f283a?source=collection_home---2------6-----------------------

============================
Do you want to learn from me?
Check my affordable mentorship program at : https://learnwith.campusx.in/s/store
============================

📱 Grow with us:
CampusX' LinkedIn: https://www.linkedin.com/company/campusx-official
CampusX on Instagram for daily tips: https://www.instagram.com/campusx.official
My LinkedIn: https://www.linkedin.com/in/nitish-singh-03412789
Discord: https://discord.gg/PsWu8R87Z8
Instagram: https://www.instagram.com/campusx.official
E-mail us at support@campusx.in

✨ Hashtags✨
#100DaysOfMachineLearning #MachineLearningFullCourse #MachineLearningInHindi

⌚Time Stamps⌚

00:00 - Intro
03:10 - Various Data based Job Roles
05:08 - Data Engineer
11:00 - Data Analyst
16:27 - Data Scientist
19:50 - ML Engineer
21:50 - Comparison",https://i.ytimg.com/vi/93rKZs0MkgU/sddefault.jpg,CampusX,219856,7342,171,1583,26.38,26:23,"26 Minutes, 23 Seconds",2021-03-24T12:49:59,https://www.youtube.com/watch?v=93rKZs0MkgU,"[#data engineer vs data analyst, #data scientist vs data analyst, #what is data engineering, #data engineer vs data scientist, #data analyst vs data engineer, #data engineer vs data analyst vs data scientist, #Data Engineer V Data Analyst V Data Scientist V ML Engineer, #Data Science Job Roles, #ml engineer vs data scientist, #campusx, #nitish sir campusx, #100 days of machine learning, #machine learning end to end, #machine learning in hindi, #data science for beginners]","[#100DaysOfMachineLearning, #MachineLearningFullCourse, #MachineLearningInHindi]",[support@campusx.in],"[https://discord.gg/PsWu8R87Z8, https://www.linkedin.com/company/campusx-official, https://medium.com/campusx/exploring-the-mystery-behind-different-job-titles-for-machine-learning-and-data-science-9352849f283a?source=collection_home---2------6-----------------------, https://www.linkedin.com/in/nitish-singh-03412789, https://learnwith.campusx.in/s/store, https://www.instagram.com/campusx.official]"
What are Tensors | Tensor In-depth Explanation | Tensor in Machine Learning,"A tensor is a generalization of vectors and matrices and is easily understood as a multidimensional array. In the general case, an array of numbers arranged on a regular grid with a variable number of axes is known as a tensor. A vector is a one-dimensional or first-order tensor and a matrix is a two-dimensional or second-order tensor. Tensor notation is much like matrix notation with a capital letter representing a tensor and lowercase letters with subscript integers representing scalar values within the tensor.  Many of the operations that can be performed with scalars, vectors, and matrices can be reformulated to be performed with tensors. As a tool, tensors and tensor algebra is widely used in the fields of physics and engineering. It is a term and set of techniques known in machine learning in the training and operation of deep learning models that can be described in terms of tensors.

============================
Do you want to learn from me?
Check my affordable mentorship program at : https://learnwith.campusx.in/s/store
============================

📱 Grow with us:
CampusX' LinkedIn: https://www.linkedin.com/company/campusx-official
CampusX on Instagram for daily tips: https://www.instagram.com/campusx.official
My LinkedIn: https://www.linkedin.com/in/nitish-singh-03412789
Discord: https://discord.gg/PsWu8R87Z8
Instagram: https://www.instagram.com/campusx.official
E-mail us at support@campusx.in

✨ Hashtags✨
#100DaysOfMachineLearning #MachineLearningFullCourse #MachineLearningInHindi

⌚Time Stamps⌚

00:00 - Intro
03:30 - What are Tensors?
03:40 - What are 0D Tensor/Scalar
06:10 - 1D Tensor/Vector
10:30 - 2D Tensor/Matrices
12:15 - ND Tensors
15:21 - Rank, Axes and Shape
18:25 - Example of 1D Tensor
23:28 - Example of 2D Tensor
25:45 - Example of 3D Tensor
32:35 - Example of 4D Tensor
35:14 - Example of 5D Tensor",https://i.ytimg.com/vi/vVhD2EyS41Y/sddefault.jpg,CampusX,413086,12124,401,2489,41.48,41:29,"41 Minutes, 29 Seconds",2021-03-25T14:39:26,https://www.youtube.com/watch?v=vVhD2EyS41Y,"[#machine learning tensor, #deep learning tensor, #vector tensor, #tensor shape, #nlp tensor, #video tensor, #image tensor, #campusx, #nitish singh campusx, #100 days of machine learning, #machine learning full course, #machine learning end to end, #data science full course, #data science in hindi, #machine learning in hindi, #intuitive machine learning, #data science for beginners, #machine learning for beginners, #What are Tensors, #Tensor In-depth Explanation, #Tensor in Machine Learning]","[#100DaysOfMachineLearning, #MachineLearningFullCourse, #MachineLearningInHindi]",[support@campusx.in],"[https://discord.gg/PsWu8R87Z8, https://www.linkedin.com/company/campusx-official, https://learnwith.campusx.in/s/store, https://www.linkedin.com/in/nitish-singh-03412789, https://www.instagram.com/campusx.official]"
Installing Anaconda For Data Science | Jupyter Notebook for Machine Learning | Google Colab for ML,"Anaconda is a distribution of the Python and R programming languages for scientific computing (data science, machine learning applications, large-scale data processing, predictive analytics, etc.), that aims to simplify package management and deployment. The distribution includes data-science packages suitable for Windows, Linux, and macOS. It is developed and maintained by Anaconda.

The Jupyter Notebook is an open-source web application that allows you to create and share documents that contain live code, equations, visualizations and narrative text. Uses include: data cleaning and transformation, numerical simulation, statistical modeling, data visualization, machine learning, and much more.

A virtual environment is a tool that helps to keep dependencies required by different projects separate by creating isolated Python virtual environments for them. This is one of the most important tools that most Python developers use.

Kaggle allows users to find and publish data sets, explore and build models in a web-based data-science environment, work with other data scientists and machine learning engineers, and enter competitions to solve data science challenges.

Collaboratory, or “Collab” for short, is a product from Google Research. Collab allows anybody to write and execute arbitrary python code through the browser and is especially well suited to machine learning, data analysis, and education.

Code used:
https://github.com/campusx-official/running-kaggle-dataset-colab-for-deep-learning

============================
Do you want to learn from me?
Check my affordable mentorship program at : https://learnwith.campusx.in/s/store
============================

📱 Grow with us:
CampusX' LinkedIn: https://www.linkedin.com/company/campusx-official
CampusX on Instagram for daily tips: https://www.instagram.com/campusx.official
My LinkedIn: https://www.linkedin.com/in/nitish-singh-03412789
Discord: https://discord.gg/PsWu8R87Z8
Instagram: https://www.instagram.com/campusx.official
E-mail us at support@campusx.in

✨ Hashtags✨
#100DaysOfMachineLearning #MachineLearningFullCourse #machinelearninginhindi 

⌚Time Stamps⌚

00:00 - Intro
01:30 - Installing Anaconda
03:00 - Spyder
03:50 - Jupyter Notebook
11:34 - Virtual Environment
23:40 - Using Kaggle
29:20 - Google Collab
36:28 - Outro",https://i.ytimg.com/vi/82P5N2m41jE/sddefault.jpg,CampusX,325492,8793,278,2226,37.1,37:06,"37 Minutes, 6 Seconds",2021-03-26T15:47:45,https://www.youtube.com/watch?v=82P5N2m41jE,"[#google colab vs jupyter notebook, #installing anaconda on windows 10, #installing jupyter notebook on windows 10, #anaconda tutorial, #jupyter notebook tutorial, #google colab python, #kaggle notebook vs colab, #how to run python code on google colab, #jupyter notebook vs google colab, #google colab vs kaggle, #campusx, #Installing Anaconda For Data Science, #Jupyter Notebook for Machine Learning, #Google Colab for ML, #100 days of machine learning, #machine learning in hindi]","[#100DaysOfMachineLearning, #machinelearninginhindi, #MachineLearningFullCourse]",[support@campusx.in],"[https://discord.gg/PsWu8R87Z8, https://github.com/campusx-official/running-kaggle-dataset-colab-for-deep-learning, https://www.linkedin.com/company/campusx-official, https://learnwith.campusx.in/s/store, https://www.linkedin.com/in/nitish-singh-03412789, https://www.instagram.com/campusx.official]"
End to End Toy Project | Day 13 | 100 Days of Machine Learning,"In this video, we will cover an End to End Project on we would apply classification.

Share your thoughts, experiences, or questions in the comments below. I love hearing from you!

Code used:
https://github.com/campusx-official/placement-project-logistic-regression

Learn Libraries from Sratch: https://www.youtube.com/playlist?list=PLKnIA16_RmvbAlyx4_rdtR66B7EHX5k3z

============================
Do you want to learn from me?
Check my affordable mentorship program at : https://learnwith.campusx.in/s/store
============================

📱 Grow with us:
CampusX' LinkedIn: https://www.linkedin.com/company/campusx-official
CampusX on Instagram for daily tips: https://www.instagram.com/campusx.official
My LinkedIn: https://www.linkedin.com/in/nitish-singh-03412789
Discord: https://discord.gg/PsWu8R87Z8
Instagram: https://www.instagram.com/campusx.official
E-mail us at support@campusx.in

⌚Time Stamps⌚

00:00 - Intro
03:34 - Plan of attack
08:17 - Preprocessing
09:51 - EDA
11:48 - Scatterplot example
13:45 - Feature Selection
14:00 - Extracting Input and Output columns
16:07 - Train Test Split
22:10 - Evaluating the model
23:23 - Accuracy Score
25:50 - Exporting the Model
28:40 - Deploying the Model on Cloud",https://i.ytimg.com/vi/dr7z7a_8lQw/maxresdefault.jpg,CampusX,392068,9394,375,1843,30.72,30:43,"30 Minutes, 43 Seconds",2021-03-27T14:30:02,https://www.youtube.com/watch?v=dr7z7a_8lQw,"[#Education, #Engineering, #Campus, #Placement, #Skills, #Machine Learning, #Software, #Web Development, #Profile Building, #end to end machine learning project, #machine learning toy project, #ai ml project, #machine learning begineers, #ml projects in python, #ml projects ideas, #learn machine learning using projects]",[],[support@campusx.in],"[https://discord.gg/PsWu8R87Z8, https://www.linkedin.com/company/campusx-official, https://www.youtube.com/playlist?list=PLKnIA16_RmvbAlyx4_rdtR66B7EHX5k3z, https://learnwith.campusx.in/s/store, https://github.com/campusx-official/placement-project-logistic-regression, https://www.linkedin.com/in/nitish-singh-03412789, https://www.instagram.com/campusx.official]"
How to Frame a Machine Learning Problem | How to plan a Data Science Project Effectively,"Choosing a machine learning method to implement data is not the easiest of processes. It is essential to first understand the precise business problem and its objectives. For instance, understanding what needs to be predicted and understanding potential outcomes is critical.

One also needs to know what data should be used to train a model, among other factors. Such considerations help with the framing of a machine learning problem. In this article, we will look at how to frame a machine learning problem correctly.

============================
Do you want to learn from me?
Check my affordable mentorship program at : https://learnwith.campusx.in/s/store
============================

📱 Grow with us:
CampusX' LinkedIn: https://www.linkedin.com/company/campusx-official
CampusX on Instagram for daily tips: https://www.instagram.com/campusx.official
My LinkedIn: https://www.linkedin.com/in/nitish-singh-03412789
Discord: https://discord.gg/PsWu8R87Z8
Instagram: https://www.instagram.com/campusx.official
E-mail us at support@campusx.in

⌚Time Stamps⌚

00:00 - Introduction to framing the problem
2:24 - Case study example of Netflix for churn rate
6:23 - Business problem to ML problem
7:08 -  Types of problem
12:24 - Current solution
13:33 - Getting data
15:09 - Metrics to measure
17:15  - Online Vs Batch?
19:15 - Check Assumptions

✨ Hashtags✨
#100DaysOfMachineLearning #MachineLearningFullCourse #MachineLearningInHindi",https://i.ytimg.com/vi/A9SezQlvakw/maxresdefault.jpg,CampusX,252185,8839,193,1342,22.37,22:22,"22 Minutes, 22 Seconds",2021-03-29T14:30:01,https://www.youtube.com/watch?v=A9SezQlvakw,"[#how to approach any machine learning problem, #approaching a machine learning problem from scratch, #how to solve a machine learning problem, #machine learning step by step, #step by step approach for a machine learning problem, #solving a machine learning use case, #stepwise process for data science, #Framing a Machine Learning Problem, #How to plan a Data Science Project, #campusx, #nitish sir campusx, #100 days of machine learning, #data science in hindi, #machine learning in hindi]","[#100DaysOfMachineLearning, #MachineLearningFullCourse, #MachineLearningInHindi]",[support@campusx.in],"[https://discord.gg/PsWu8R87Z8, https://www.linkedin.com/company/campusx-official, https://learnwith.campusx.in/s/store, https://www.linkedin.com/in/nitish-singh-03412789, https://www.instagram.com/campusx.official]"
Working with CSV files | Day 15 | 100 Days of Machine Learning,"The CSV file format is a popular format supported by many machine learning frameworks. The format is variously referred to ""comma-separated values"" or ""character-separated values.""

A CSV file stores tabular data (numbers and text) in plain text form. A CSV file consists of any number of records, separated by line breaks of some kind. Each record consists of fields, separated by a literal comma. In some regions, the separator might be a semi-colon.

Typically, all records have an identical number of fields, and missing values are represented as nulls or empty strings. There are a number of ways to load a CSV file in Python. 

============================
Do you want to learn from me?
Check my affordable mentorship program at : https://learnwith.campusx.in/s/store
============================

📱 Grow with us:
CampusX' LinkedIn: https://www.linkedin.com/company/campusx-official
CampusX on Instagram for daily tips: https://www.instagram.com/campusx.official
My LinkedIn: https://www.linkedin.com/in/nitish-singh-03412789
Discord: https://discord.gg/PsWu8R87Z8
Instagram: https://www.instagram.com/campusx.official
E-mail us at support@campusx.in

⌚Time Stamps⌚

00:00 - Intro
00:54 - Process of Gathering Data
04:45 - Different types of file formats
05:45 - Code Demo with Jupyter Notebook
06:35 - Methods to handle CSV files",https://i.ytimg.com/vi/a_XrmKlaGTs/maxresdefault.jpg,CampusX,319435,8530,377,2190,36.5,36:30,"36 Minutes, 30 Seconds",2021-03-30T14:34:19,https://www.youtube.com/watch?v=a_XrmKlaGTs,"[#Education, #Engineering, #Campus, #Placement, #Skills, #Machine Learning, #Software, #Web Development, #Profile Building, #csv, #csv python, #how do i import a csv file into google colab?, #how to read csv file in google colab, #pandas csv to dataframe, #pandas dataframe, #pandas read excel, #pandas read csv, #read csv file in python, #python write csv, #pd read_csv, #python read excel, #pandas excel tutorial, #pandas csv tutorial]",[],[support@campusx.in],"[https://discord.gg/PsWu8R87Z8, https://www.linkedin.com/company/campusx-official, https://learnwith.campusx.in/s/store, https://www.linkedin.com/in/nitish-singh-03412789, https://www.instagram.com/campusx.official]"
Working with JSON/SQL | Day 16 | 100 Days of Machine Learning,"JavaScript Object Notation (JSON) is a standard text-based format for representing structured data based on JavaScript object syntax. JSON is a lightweight data format used for data interchange between multiple different languages. It is easy to read for humans and easily parsed by machines. It's pretty common for websites to return JSON from API's so that the information is easy to parse by different programming languages.

SQL(Structured Query Language) is used to manage relational databases, and It is used to perform fetching rows, database creation, modifying databases, deleting databases, and also reading, writing data. It is extremely useful in managing structured data, i.e. data that is used to represent relations among entities and variables. SQL is predicated on relational algebra and tuple relational calculus. MS Access, MySQL is a standard database language.

Working with JSON/SQL involves handling structured data in JSON format or querying relational databases using SQL, essential skills for data manipulation and analysis.


Code used: https://github.com/campusx-official/100-days-of-machine-learning/tree/main/day16%20-%20working-with-json-and-sql

Xampp download link: https://www.apachefriends.org/index.html

World dataset : https://www.kaggle.com/busielmorley/worldcities-pop-lang-rank-sql-create-tbls?select=world.sql

Pandas read_json documentation: https://pandas.pydata.org/docs/reference/api/pandas.read_json.html

Pandas read_sql_query documentation: https://pandas.pydata.org/docs/reference/api/pandas.read_sql_query.html#pandas.read_sql_query

============================
Do you want to learn from me?
Check my affordable mentorship program at : https://learnwith.campusx.in/s/store
============================

📱 Grow with us:
CampusX' LinkedIn: https://www.linkedin.com/company/campusx-official
CampusX on Instagram for daily tips: https://www.instagram.com/campusx.official
My LinkedIn: https://www.linkedin.com/in/nitish-singh-03412789
Discord: https://discord.gg/PsWu8R87Z8
Instagram: https://www.instagram.com/campusx.official
E-mail us at support@campusx.in",https://i.ytimg.com/vi/fFwRC-fapIU/maxresdefault.jpg,CampusX,218066,5475,146,1020,17,17:00,"17 Minutes, 0 Seconds",2021-03-31T14:30:04,https://www.youtube.com/watch?v=fFwRC-fapIU,"[#Education, #Engineering, #Campus, #Placement, #Skills, #Machine Learning, #Software, #Web Development, #Profile Building, #for json path, #query json, #convert json to table, #convert table to json, #sql json, #sql, #ml, #ai, #machine learning sql, #load sql data, #load from mysql database, #load dataset, #read from sql database]",[#pandas],[support@campusx.in],"[https://discord.gg/PsWu8R87Z8, https://www.linkedin.com/company/campusx-official, https://learnwith.campusx.in/s/store, https://www.linkedin.com/in/nitish-singh-03412789, https://pandas.pydata.org/docs/reference/api/pandas.read_json.html, https://www.apachefriends.org/index.html, https://pandas.pydata.org/docs/reference/api/pandas.read_sql_query.html#pandas.read_sql_query, https://www.instagram.com/campusx.official, https://www.kaggle.com/busielmorley/worldcities-pop-lang-rank-sql-create-tbls?select=world.sql, https://github.com/campusx-official/100-days-of-machine-learning/tree/main/day16%20-%20working-with-json-and-sql]"
Fetching Data From an API | Day 17 | 100 Days of Machine Learning,"Getting complete and high-performance data is not always the case in Machine Learning. While working on any real-world problem statement or trying to build any sort of project as Machine Learning Practioner you need the data. To accomplish the need for data most of the time, it is required to fetch data from API and if the website does not provide API, then the only option left is Web Scraping.

In this tutorial, we are going to learn how you can use API, extract data and save it in the form of a data frame. Fetching Data from an API involves accessing and retrieving structured data from web services, offering a convenient way to obtain real-time or specific information.

Code used: https://github.com/campusx-official/100-days-of-machine-learning/tree/main/day17-api-to-dataframe

TMDB API : https://developers.themoviedb.org/ 
RapidAPI : https://rapidapi.com/collection/list-of-free-apis 
JSON Viewer: http://jsonviewer.stack.hu/

============================
Do you want to learn from me?
Check my affordable mentorship program at : https://learnwith.campusx.in/s/store
============================

📱 Grow with us:
CampusX' LinkedIn: https://www.linkedin.com/company/campusx-official
CampusX on Instagram for daily tips: https://www.instagram.com/campusx.official
My LinkedIn: https://www.linkedin.com/in/nitish-singh-03412789
Discord: https://discord.gg/PsWu8R87Z8
Instagram: https://www.instagram.com/campusx.official
E-mail us at support@campusx.in

⌚Time Stamps⌚

00:00 - Intro
00:30 - What is an API?
05:45 - Getting TMDB data with API
12:10 - Code Demo
20:33 - Uploading Dataset on Kaggle",https://i.ytimg.com/vi/roTZJaxjnJc/maxresdefault.jpg,CampusX,288359,7769,255,1370,22.83,22:50,"22 Minutes, 50 Seconds",2021-04-01T14:30:08,https://www.youtube.com/watch?v=roTZJaxjnJc,"[#Education, #Engineering, #Campus, #Placement, #Skills, #Machine Learning, #Software, #Web Development, #Profile Building, #extract data using api, #how to extract data from api using python, #extract data from api python, #what is an api and how exactly it works, #how to extract data using api?, #extract data from an api, #how to extract data through api?, #what is application programming interface?, #what exactly is an api?]",[],[support@campusx.in],"[http://jsonviewer.stack.hu/, https://discord.gg/PsWu8R87Z8, https://www.linkedin.com/company/campusx-official, https://learnwith.campusx.in/s/store, https://www.linkedin.com/in/nitish-singh-03412789, https://rapidapi.com/collection/list-of-free-apis, https://github.com/campusx-official/100-days-of-machine-learning/tree/main/day17-api-to-dataframe, https://www.instagram.com/campusx.official, https://developers.themoviedb.org/]"
Fetching data using Web Scraping | Day 18 | 100 Days of Machine Learning,"Machine learning algorithms are powerful tools for analyzing large amounts of data. Developers who need more training data than they have access to can use a web scraping tool to extract the right kind of information from publicly available websites. 

Web Scraping is a technique to extract data from websites, automating the process of fetching information for analysis.

Code used:

https://github.com/campusx-official/100-days-of-machine-learning/tree/main/day18-pandas-dataframe-using-web-scraping

============================
Do you want to learn from me?
Check my affordable mentorship program at : https://learnwith.campusx.in/s/store
============================

📱 Grow with us:
CampusX' LinkedIn: https://www.linkedin.com/company/campusx-official
CampusX on Instagram for daily tips: https://www.instagram.com/campusx.official
My LinkedIn: https://www.linkedin.com/in/nitish-singh-03412789
Discord: https://discord.gg/PsWu8R87Z8
Instagram: https://www.instagram.com/campusx.official
E-mail us at support@campusx.in",https://i.ytimg.com/vi/8NOdgjC1988/maxresdefault.jpg,CampusX,295241,8065,478,2269,37.82,37:49,"37 Minutes, 49 Seconds",2021-04-02T15:12:18,https://www.youtube.com/watch?v=8NOdgjC1988,"[#machine learning, #ml, #ai, #web scraping in ml, #web scraping in machine learning, #data gathering, #web scraping python, #web scrapping, #how to extract data from web page, #hands-on with web scraping using python and beautifulsoup, #data extraction for machine learning, #learn web scraping in step by step manner, #what is web scraping used for?, #intro to web scraping with python and beautiful soup, #how to get paragraph data from web page, #100 days of ml, #machine learning for beginners]",[],[support@campusx.in],"[https://discord.gg/PsWu8R87Z8, https://www.linkedin.com/company/campusx-official, https://learnwith.campusx.in/s/store, https://www.linkedin.com/in/nitish-singh-03412789, https://www.instagram.com/campusx.official, https://github.com/campusx-official/100-days-of-machine-learning/tree/main/day18-pandas-dataframe-using-web-scraping]"
Understanding Your Data | Day 19 | 100 Days of Machine Learning,"Quality data is fundamental to any data science engagement. To gain actionable insights, the appropriate data must be sourced and cleansed. Understanding Your Data is the foundational step in any data analysis, involving exploring data characteristics, patterns, and relationships to gain insights.

It is important at the beginning of a project to consider potential harms from your tool. These harms can be caused by designing for only a narrow group of users, having insufficient representation of sub-populations, or human labelers favoring a privileged group.

Machine learning discovers and generalizes patterns in the data and could, therefore, replicate bias. If a group is under-represented, the machine learning model has fewer examples to learn from, resulting in reduced accuracy for those individuals in this group.

When implementing these models at scale, it can result in a large number of biased decisions, harming a large number of people. Ensure you have evaluated risks and have techniques in place to mitigate them.

============================
Do you want to learn from me?
Check my affordable mentorship program at : https://learnwith.campusx.in/s/store
============================

📱 Grow with us:
CampusX' LinkedIn: https://www.linkedin.com/company/campusx-official
CampusX on Instagram for daily tips: https://www.instagram.com/campusx.official
My LinkedIn: https://www.linkedin.com/in/nitish-singh-03412789
Discord: https://discord.gg/PsWu8R87Z8
Instagram: https://www.instagram.com/campusx.official
E-mail us at support@campusx.in

⌚Time Stamps⌚

00:00 - Intro
00:27 - Understanding your data
00:53 - Asking Basic Questions to your Data
03:00 - How big is the data?
03:35 - How does the data looks like?
05:02 - What is the data type of columns?
06:50 - Are there any missing values?
08:39 - How does the data looks mathematically?
10:25 - Are there any duplicate values?
11:27 - How is the Corelation between the columns?",https://i.ytimg.com/vi/mJlRTUuVr04/maxresdefault.jpg,CampusX,233587,5808,169,923,15.38,15:23,"15 Minutes, 23 Seconds",2021-04-03T14:30:03,https://www.youtube.com/watch?v=mJlRTUuVr04,"[#Education, #Engineering, #Campus, #Placement, #Skills, #Machine Learning, #Software, #Web Development, #Profile Building, #data leakage in data science, #value of data, #improve machine learning model, #ml data, #python pandas, #use data in machine learning, #data usage in ml, #campusx, #machine learning for beginners, #ml, #ai, #machine learning]",[],[support@campusx.in],"[https://discord.gg/PsWu8R87Z8, https://www.linkedin.com/company/campusx-official, https://learnwith.campusx.in/s/store, https://www.linkedin.com/in/nitish-singh-03412789, https://www.instagram.com/campusx.official]"
EDA using Univariate Analysis | Day 20 | 100 Days of Machine Learning,"The preliminary analysis of data to discover relationships between measures in the data and to gain an insight on the trends, patterns, and relationships among various entities present in the data set with the help of statistics and visualization tools is called Exploratory Data Analysis (EDA). 

Exploratory data analysis is cross-classified in two different ways where each method is either graphical or non-graphical. And then, each method is either univariate, bivariate or multivariate.

Uni means one and variate means variable, so in univariate analysis, there is only one dependable variable. The objective of the univariate analysis is to derive the data, define and summarize it, and analyze the pattern present in it. In a dataset, it explores each variable separately. It is possible for two kinds of variables- Categorical and Numerical.

Code used : https://github.com/campusx-official/100-days-of-machine-learning/tree/main/day20-univariate-analysis

============================
Do you want to learn from me?
Check my affordable mentorship program at : https://learnwith.campusx.in/s/store
============================

📱 Grow with us:
CampusX' LinkedIn: https://www.linkedin.com/company/campusx-official
CampusX on Instagram for daily tips: https://www.instagram.com/campusx.official
My LinkedIn: https://www.linkedin.com/in/nitish-singh-03412789
Discord: https://discord.gg/PsWu8R87Z8
Instagram: https://www.instagram.com/campusx.official
E-mail us at support@campusx.in

⌚Time Stamps⌚

00:00 - Intro
00:52 - What is univariate Analysis
02:00 - Types of Data
03:50 - Code Demo on Titanic Dataset
12:05 - Countplot
13:55 - Piechart
15:56 - Working with Numerical Data
19:40 - Distplot
22:05 - Boxplot",https://i.ytimg.com/vi/4HyTlbHUKSw/maxresdefault.jpg,CampusX,308920,7142,213,1831,30.52,30:31,"30 Minutes, 31 Seconds",2021-04-05T14:30:00,https://www.youtube.com/watch?v=4HyTlbHUKSw,"[#Education, #Engineering, #Campus, #Placement, #Skills, #Machine Learning, #Software, #Web Development, #Profile Building, #exploratory data analysis, #what is eda, #exploratory data analysis pandas, #objective of eda, #eda in python, #eda use case, #univariate eda, #different eda techniques, #eda in machine learning, #eda in ml, #ml for beginners, #100 days of machine learning]",[],[support@campusx.in],"[https://discord.gg/PsWu8R87Z8, https://github.com/campusx-official/100-days-of-machine-learning/tree/main/day20-univariate-analysis, https://www.linkedin.com/company/campusx-official, https://learnwith.campusx.in/s/store, https://www.linkedin.com/in/nitish-singh-03412789, https://www.instagram.com/campusx.official]"
EDA using Bivariate and Multivariate Analysis | Day 21 | 100 Days of Machine Learning,"Exploratory Data Analysis (EDA) through Bivariate and Multivariate Analysis examines relationships between two or more variables, uncovering patterns and insights in the data.

Code used: https://github.com/campusx-official/100-days-of-machine-learning/tree/main/day21-bivariate-analysis

============================
Do you want to learn from me?
Check my affordable mentorship program at : https://learnwith.campusx.in/s/store
============================

📱 Grow with us:
CampusX' LinkedIn: https://www.linkedin.com/company/campusx-official
CampusX on Instagram for daily tips: https://www.instagram.com/campusx.official
My LinkedIn: https://www.linkedin.com/in/nitish-singh-03412789
Discord: https://discord.gg/PsWu8R87Z8
Instagram: https://www.instagram.com/campusx.official
E-mail us at support@campusx.in

⌚Time Stamps⌚

00:00 - Intro
00:46 - Agenda
03:10 - ScatterPlot (Numerical to Numerical)
09:05 - Bar Plot (Numerical to Categorical)
13:37 - Box Plot (Numerical to Categorical)
15:30 - DistPlot (Numerical to Categorical)
20:13 - HeatMap (Categorical to Categorical)
26:28 - ClusterMap (Categorical to Categorical)
28:48 - Pairplot
31:50 - LinePlot (Numerical to Numerical)",https://i.ytimg.com/vi/6D3VtEfCw7w/maxresdefault.jpg,CampusX,261395,6311,273,2283,38.05,38:03,"38 Minutes, 3 Seconds",2021-04-06T14:30:00,https://www.youtube.com/watch?v=6D3VtEfCw7w,"[#Education, #Engineering, #Campus, #Placement, #Skills, #Machine Learning, #Software, #Web Development, #Profile Building]",[],[support@campusx.in],"[https://discord.gg/PsWu8R87Z8, https://github.com/campusx-official/100-days-of-machine-learning/tree/main/day21-bivariate-analysis, https://www.linkedin.com/company/campusx-official, https://learnwith.campusx.in/s/store, https://www.linkedin.com/in/nitish-singh-03412789, https://www.instagram.com/campusx.official]"
Pandas Profiling | Day 22 | 100 Days of Machine Learning,"Pandas Profiling is a powerful tool for exploratory data analysis, providing a comprehensive summary and visualization of the dataset using the Pandas library.

Code used: https://github.com/campusx-official/100-days-of-machine-learning/tree/main/day22-pandas-profiling

============================
Do you want to learn from me?
Check my affordable mentorship program at : https://learnwith.campusx.in/s/store
============================

📱 Grow with us:
CampusX' LinkedIn: https://www.linkedin.com/company/campusx-official
CampusX on Instagram for daily tips: https://www.instagram.com/campusx.official
My LinkedIn: https://www.linkedin.com/in/nitish-singh-03412789
Discord: https://discord.gg/PsWu8R87Z8
Instagram: https://www.instagram.com/campusx.official
E-mail us at support@campusx.in",https://i.ytimg.com/vi/E69Lg2ZgOxg/maxresdefault.jpg,CampusX,182810,5588,302,784,13.07,13:04,"13 Minutes, 4 Seconds",2021-04-07T14:30:01,https://www.youtube.com/watch?v=E69Lg2ZgOxg,"[#Education, #Engineering, #Campus, #Placement, #Skills, #Machine Learning, #Software, #Web Development, #Profile Building]",[],[support@campusx.in],"[https://discord.gg/PsWu8R87Z8, https://www.linkedin.com/company/campusx-official, https://github.com/campusx-official/100-days-of-machine-learning/tree/main/day22-pandas-profiling, https://learnwith.campusx.in/s/store, https://www.linkedin.com/in/nitish-singh-03412789, https://www.instagram.com/campusx.official]"
What is Feature Engineering | Day 23 | 100 Days of Machine Learning,"Feature Engineering involves creating new features or modifying existing ones to improve a model's performance, helping capture hidden patterns in the data.

============================
Do you want to learn from me?
Check my affordable mentorship program at : https://learnwith.campusx.in/s/store
============================

📱 Grow with us:
CampusX' LinkedIn: https://www.linkedin.com/company/campusx-official
CampusX on Instagram for daily tips: https://www.instagram.com/campusx.official
My LinkedIn: https://www.linkedin.com/in/nitish-singh-03412789
Discord: https://discord.gg/PsWu8R87Z8
Instagram: https://www.instagram.com/campusx.official
E-mail us at support@campusx.in

⌚Time Stamps⌚

00:00 - Intro
01:05 - What is feature Engineering?
04:05 - Classifying feature Engineering
06:19 - Missing Values Imputation
08:10 - Handling Categorical Values
09:56 - Outlier Detection
11:30 - Feature Scaling
13:57 - Feature Construction
16:40 - Feature Selection
20:12 - Feature Extraction",https://i.ytimg.com/vi/sluoVhT0ehg/maxresdefault.jpg,CampusX,355492,7922,180,1492,24.87,24:52,"24 Minutes, 52 Seconds",2021-04-08T14:43:42,https://www.youtube.com/watch?v=sluoVhT0ehg,"[#Education, #Engineering, #Campus, #Placement, #Skills, #Machine Learning, #Software, #Web Development, #Profile Building]",[],[support@campusx.in],"[https://discord.gg/PsWu8R87Z8, https://www.linkedin.com/company/campusx-official, https://learnwith.campusx.in/s/store, https://www.linkedin.com/in/nitish-singh-03412789, https://www.instagram.com/campusx.official]"
Feature Scaling - Standardization | Day 24 | 100 Days of Machine Learning,"Standardization transforms numerical features to have a mean of 0 and a standard deviation of 1, aiding in comparing and interpreting features with different scales.

Code used : https://github.com/campusx-official/100-days-of-machine-learning/tree/main/day24-standardization

============================
Do you want to learn from me?
Check my affordable mentorship program at : https://learnwith.campusx.in/s/store
============================

📱 Grow with us:
CampusX' LinkedIn: https://www.linkedin.com/company/campusx-official
CampusX on Instagram for daily tips: https://www.instagram.com/campusx.official
My LinkedIn: https://www.linkedin.com/in/nitish-singh-03412789
Discord: https://discord.gg/PsWu8R87Z8
Instagram: https://www.instagram.com/campusx.official
E-mail us at support@campusx.in

⌚Time Stamps⌚

00:00 - Intro
01:10 - What is feature scaling?
02:16 - Why do we need feature scaling?
04:58 - Types of feature scaling
06:00 - Standardization - Intuition
13:55 - Code Example and Impact of Outliers
23:20 - Why scaling is important?
28:22 - When should you use Standardization?",https://i.ytimg.com/vi/1Yw9sC0PNwY/maxresdefault.jpg,CampusX,337476,8104,375,1958,32.63,32:38,"32 Minutes, 38 Seconds",2021-04-09T14:32:00,https://www.youtube.com/watch?v=1Yw9sC0PNwY,"[#Education, #Engineering, #Campus, #Placement, #Skills, #Machine Learning, #Software, #Web Development, #Profile Building]",[],[support@campusx.in],"[https://discord.gg/PsWu8R87Z8, https://www.linkedin.com/company/campusx-official, https://learnwith.campusx.in/s/store, https://www.linkedin.com/in/nitish-singh-03412789, https://github.com/campusx-official/100-days-of-machine-learning/tree/main/day24-standardization, https://www.instagram.com/campusx.official]"
Feature Scaling - Normalization | MinMaxScaling | MaxAbsScaling | RobustScaling,"Normalization, also known as Min-Max Scaling, is a technique that brings numerical features to a standard scale, preventing certain features from dominating others in the model.

Code used: https://github.com/campusx-official/100-days-of-machine-learning/tree/main/day25-normalization

============================
Do you want to learn from me?
Check my affordable mentorship program at : https://learnwith.campusx.in/s/store
============================

📱 Grow with us:
CampusX' LinkedIn: https://www.linkedin.com/company/campusx-official
CampusX on Instagram for daily tips: https://www.instagram.com/campusx.official
My LinkedIn: https://www.linkedin.com/in/nitish-singh-03412789
Discord: https://discord.gg/PsWu8R87Z8
Instagram: https://www.instagram.com/campusx.official
E-mail us at support@campusx.in

⌚Time Stamps⌚

00:00 - Intro
00:30 - What is Normalization
03:20 - MinMaxScaling Intuition
08:15 - Code Example
14:43 - Mean Normalization
16:52 - MaxAbsScaling
18:20 - Robust Scaling
20:15 - Normalization vs Standardization",https://i.ytimg.com/vi/eBrGyuA2MIg/sddefault.jpg,CampusX,249168,6295,151,1411,23.52,23:31,"23 Minutes, 31 Seconds",2021-04-10T14:30:04,https://www.youtube.com/watch?v=eBrGyuA2MIg,"[#Education, #Engineering, #Campus, #Placement, #Skills, #Machine Learning, #Software, #Web Development, #Profile Building]",[],[support@campusx.in],"[https://discord.gg/PsWu8R87Z8, https://www.linkedin.com/company/campusx-official, https://learnwith.campusx.in/s/store, https://www.linkedin.com/in/nitish-singh-03412789, https://www.instagram.com/campusx.official, https://github.com/campusx-official/100-days-of-machine-learning/tree/main/day25-normalization]"
Encoding Categorical Data | Ordinal Encoding | Label Encoding,"Encoding Categorical Data involves techniques like Ordinal Encoding and Label Encoding, which assign numeric values to categorical variables, facilitating model interpretation.

Code used : https://github.com/campusx-official/100-days-of-machine-learning/tree/main/day26-ordinal-encoding

============================
Do you want to learn from me?
Check my affordable mentorship program at : https://learnwith.campusx.in/s/store
============================

📱 Grow with us:
CampusX' LinkedIn: https://www.linkedin.com/company/campusx-official
CampusX on Instagram for daily tips: https://www.instagram.com/campusx.official
My LinkedIn: https://www.linkedin.com/in/nitish-singh-03412789
Discord: https://discord.gg/PsWu8R87Z8
Instagram: https://www.instagram.com/campusx.official
E-mail us at support@campusx.in

⌚Time Stamps⌚

00:00 - Intro
00:35 - Revision
03:06 - What is Ordinal data
05:27 - Label Encoding
07:09 - How ordinal encoding works?
09:20 - Code Example",https://i.ytimg.com/vi/w2GglmYHfmM/maxresdefault.jpg,CampusX,250784,5782,192,1193,19.88,19:53,"19 Minutes, 53 Seconds",2021-04-12T16:55:33,https://www.youtube.com/watch?v=w2GglmYHfmM,"[#Education, #Engineering, #Campus, #Placement, #Skills, #Machine Learning, #Software, #Web Development, #Profile Building]",[],[support@campusx.in],"[https://discord.gg/PsWu8R87Z8, https://www.linkedin.com/company/campusx-official, https://learnwith.campusx.in/s/store, https://www.linkedin.com/in/nitish-singh-03412789, https://github.com/campusx-official/100-days-of-machine-learning/tree/main/day26-ordinal-encoding, https://www.instagram.com/campusx.official]"
One Hot Encoding | Handling Categorical Data | Day 27 | 100 Days of Machine Learning,"One Hot Encoding is a method to convert categorical data into a binary matrix, addressing the challenges posed by categorical variables in machine learning models.

Code used: https://github.com/campusx-official/100-days-of-machine-learning/tree/main/day27-one-hot-encoding

============================
Do you want to learn from me?
Check my affordable mentorship program at : https://learnwith.campusx.in/s/store
============================

📱 Grow with us:
CampusX' LinkedIn: https://www.linkedin.com/company/campusx-official
CampusX on Instagram for daily tips: https://www.instagram.com/campusx.official
My LinkedIn: https://www.linkedin.com/in/nitish-singh-03412789
Discord: https://discord.gg/PsWu8R87Z8
Instagram: https://www.instagram.com/campusx.official
E-mail us at support@campusx.in

⌚Time Stamps⌚

00:00 - Intro
00:28 - Revision
02:39 - One Hot Encoding
05:40 - Dummy Variable Trap
10:10 - OHE using most frequent variables
12:15 - Code Example
18:30 - Code Example using SKlearn",https://i.ytimg.com/vi/U5oCv3JKWKA/maxresdefault.jpg,CampusX,260546,6188,216,1812,30.2,30:12,"30 Minutes, 12 Seconds",2021-04-13T14:30:05,https://www.youtube.com/watch?v=U5oCv3JKWKA,"[#Education, #Engineering, #Campus, #Placement, #Skills, #Machine Learning, #Software, #Web Development, #Profile Building]",[],[support@campusx.in],"[https://discord.gg/PsWu8R87Z8, https://www.linkedin.com/company/campusx-official, https://learnwith.campusx.in/s/store, https://www.linkedin.com/in/nitish-singh-03412789, https://github.com/campusx-official/100-days-of-machine-learning/tree/main/day27-one-hot-encoding, https://www.instagram.com/campusx.official]"
Column Transformer in Machine Learning | How to use ColumnTransformer in Sklearn,"Column Transformer allows the application of different transformations to different subsets of features, enabling tailored preprocessing for various types of data.

Code used : https://github.com/campusx-official/100-days-of-machine-learning/tree/main/day28-column-transformer

============================
Do you want to learn from me?
Check my affordable mentorship program at : https://learnwith.campusx.in/s/store
============================

📱 Grow with us:
CampusX' LinkedIn: https://www.linkedin.com/company/campusx-official
CampusX on Instagram for daily tips: https://www.instagram.com/campusx.official
My LinkedIn: https://www.linkedin.com/in/nitish-singh-03412789
Discord: https://discord.gg/PsWu8R87Z8
Instagram: https://www.instagram.com/campusx.official
E-mail us at support@campusx.in",https://i.ytimg.com/vi/5TVj6iEBR4I/maxresdefault.jpg,CampusX,220174,5545,212,941,15.68,15:41,"15 Minutes, 41 Seconds",2021-04-14T14:30:00,https://www.youtube.com/watch?v=5TVj6iEBR4I,"[#Education, #Engineering, #Campus, #Placement, #Skills, #Machine Learning, #Software, #Web Development, #Profile Building]",[],[support@campusx.in],"[https://discord.gg/PsWu8R87Z8, https://www.linkedin.com/company/campusx-official, https://learnwith.campusx.in/s/store, https://www.linkedin.com/in/nitish-singh-03412789, https://www.instagram.com/campusx.official, https://github.com/campusx-official/100-days-of-machine-learning/tree/main/day28-column-transformer]"
Machine Learning Pipelines A-Z | Day 29 | 100 Days of Machine Learning,"Machine Learning Pipelines streamline the end-to-end process of model building, evaluation, and deployment, ensuring a systematic and reproducible workflow.

Code Used : https://github.com/campusx-official/100-days-of-machine-learning/tree/main/day29-sklearn-pipelines

============================
Do you want to learn from me?
Check my affordable mentorship program at : https://learnwith.campusx.in/s/store
============================

📱 Grow with us:
CampusX' LinkedIn: https://www.linkedin.com/company/campusx-official
CampusX on Instagram for daily tips: https://www.instagram.com/campusx.official
My LinkedIn: https://www.linkedin.com/in/nitish-singh-03412789
Discord: https://discord.gg/PsWu8R87Z8
Instagram: https://www.instagram.com/campusx.official
E-mail us at support@campusx.in

⌚Time Stamps⌚

00:00 - Intro
00:32 - SKLearn Pipelines
03:42 - Example through Titanic Dataset
06:12 - Train/Test/Split
07:15 - Applying Imputation
13:30 - Pickling the model
21:35 - Strategy for the Pipeline
30:00 - Creating Pipeline
30:43 - Pipeline vs make_pipeline
33:40 - Explore the pipeline
39:20 - Cross Validation using Pipeline",https://i.ytimg.com/vi/xOccYkgRV4Q/maxresdefault.jpg,CampusX,312884,8289,570,2739,45.65,45:39,"45 Minutes, 39 Seconds",2021-04-15T15:00:41,https://www.youtube.com/watch?v=xOccYkgRV4Q,"[#Education, #Engineering, #Campus, #Placement, #Skills, #Machine Learning, #Software, #Web Development, #Profile Building]",[],[support@campusx.in],"[https://discord.gg/PsWu8R87Z8, https://www.linkedin.com/company/campusx-official, https://learnwith.campusx.in/s/store, https://www.linkedin.com/in/nitish-singh-03412789, https://github.com/campusx-official/100-days-of-machine-learning/tree/main/day29-sklearn-pipelines, https://www.instagram.com/campusx.official]"
Function Transformer | Log Transform | Reciprocal Transform | Square Root Transform,"Function Transformer is a versatile tool for transforming features, with Log and Reciprocal Transforms being useful for handling skewed or non-linear data.

Code Used : https://github.com/campusx-official/100-days-of-machine-learning/tree/main/day30-function-transformer

============================
Do you want to learn from me?
Check my affordable mentorship program at : https://learnwith.campusx.in/s/store
============================

📱 Grow with us:
CampusX' LinkedIn: https://www.linkedin.com/company/campusx-official
CampusX on Instagram for daily tips: https://www.instagram.com/campusx.official
My LinkedIn: https://www.linkedin.com/in/nitish-singh-03412789
Discord: https://discord.gg/PsWu8R87Z8
Instagram: https://www.instagram.com/campusx.official
E-mail us at support@campusx.in

⌚Time Stamps⌚

00:00 - Intro
00:23 - Revision - Mathematical Transformations
05:40 - Function Transformer
07:15 - How to find if the data is normal?
08:46 - QQ Plots
11:10 - Log Transform
14:08 - Three more transforms
14:10 - Reciprocal Transform
15:04 - Square Transform
15:57 - Example with Titanic Dataset",https://i.ytimg.com/vi/cTjj3LE8E90/maxresdefault.jpg,CampusX,201808,4289,130,1933,32.22,32:13,"32 Minutes, 13 Seconds",2021-04-16T14:38:42,https://www.youtube.com/watch?v=cTjj3LE8E90,"[#Education, #Engineering, #Campus, #Placement, #Skills, #Machine Learning, #Software, #Web Development, #Profile Building]",[],[support@campusx.in],"[https://discord.gg/PsWu8R87Z8, https://www.linkedin.com/company/campusx-official, https://learnwith.campusx.in/s/store, https://www.linkedin.com/in/nitish-singh-03412789, https://github.com/campusx-official/100-days-of-machine-learning/tree/main/day30-function-transformer, https://www.instagram.com/campusx.official]"
Power Transformer | Box - Cox Transform | Yeo - Johnson Transform,"Power Transformer, including the Box-Cox Transform, is a method used to stabilize and normalize the distribution of data by applying power transformations.

Code used : https://github.com/campusx-official/100-days-of-machine-learning/tree/main/day31-power-transformer

============================
Do you want to learn from me?
Check my affordable mentorship program at : https://learnwith.campusx.in/s/store
============================

📱 Grow with us:
CampusX' LinkedIn: https://www.linkedin.com/company/campusx-official
CampusX on Instagram for daily tips: https://www.instagram.com/campusx.official
My LinkedIn: https://www.linkedin.com/in/nitish-singh-03412789
Discord: https://discord.gg/PsWu8R87Z8
Instagram: https://www.instagram.com/campusx.official
E-mail us at support@campusx.in

⌚Time Stamps⌚

00:00 - Intro
00:22 - Revision
01:35 - Box Cox Transform
04:40 - Yeo - Johnson Transform
05:50 - Code Example",https://i.ytimg.com/vi/lV_Z4HbNAx0/maxresdefault.jpg,CampusX,148629,4155,123,1288,21.47,21:28,"21 Minutes, 28 Seconds",2021-04-17T14:30:05,https://www.youtube.com/watch?v=lV_Z4HbNAx0,"[#Education, #Engineering, #Campus, #Placement, #Skills, #Machine Learning, #Software, #Web Development, #Profile Building]",[],[support@campusx.in],"[https://discord.gg/PsWu8R87Z8, https://www.linkedin.com/company/campusx-official, https://learnwith.campusx.in/s/store, https://www.linkedin.com/in/nitish-singh-03412789, https://www.instagram.com/campusx.official, https://github.com/campusx-official/100-days-of-machine-learning/tree/main/day31-power-transformer]"
Binning and Binarization | Discretization | Quantile Binning | KMeans Binning,"Binning involves grouping continuous data into discrete intervals, aiding in feature engineering. Techniques like Quantile Binning divide data based on quantiles, while KMeans Binning uses clustering. Binarization transforms numerical values into binary format, simplifying data representation. These methods contribute to efficient data handling and analysis.

Code Used : https://github.com/campusx-official/100-days-of-machine-learning/tree/main/day32-binning-and-binarization

============================
Do you want to learn from me?
Check my affordable mentorship program at : https://learnwith.campusx.in/s/store
============================

📱 Grow with us:
CampusX' LinkedIn: https://www.linkedin.com/company/campusx-official
CampusX on Instagram for daily tips: https://www.instagram.com/campusx.official
My LinkedIn: https://www.linkedin.com/in/nitish-singh-03412789
Discord: https://discord.gg/PsWu8R87Z8
Instagram: https://www.instagram.com/campusx.official
E-mail us at support@campusx.in

⌚Time Stamps⌚

00:00 - Intro
00:14 - Encoding Numerical Features
03:37 - What is Discretization?
06:14 - Types of Discretization
08:05 - Equal Width/Uniform Binning
11:50 - Equal Frequency / Quantile Binning
14:47 - KMeans Binning
19:57 - Encoding the discretized variable
21:45 - Example thorugh Code
31:00 - Custom/Domain based Binning
32:32 - Binarization
34:04 - Example",https://i.ytimg.com/vi/kKWsJGKcMvo/maxresdefault.jpg,CampusX,158056,3712,110,2305,38.42,38:25,"38 Minutes, 25 Seconds",2021-04-19T14:28:16,https://www.youtube.com/watch?v=kKWsJGKcMvo,"[#Education, #Engineering, #Campus, #Placement, #Skills, #Machine Learning, #Software, #Web Development, #Profile Building]",[],[support@campusx.in],"[https://discord.gg/PsWu8R87Z8, https://www.linkedin.com/company/campusx-official, https://learnwith.campusx.in/s/store, https://www.linkedin.com/in/nitish-singh-03412789, https://github.com/campusx-official/100-days-of-machine-learning/tree/main/day32-binning-and-binarization, https://www.instagram.com/campusx.official]"
Handling Mixed Variables | Feature Engineering,"When dealing with mixed variables (both numerical and categorical) in feature engineering, strategies involve techniques like one-hot encoding for categorical variables and scaling for numerical ones. These methods ensure compatibility and enhance the effectiveness of mixed variable data in machine learning models.

Code Used : https://github.com/campusx-official/100-days-of-machine-learning/tree/main/day33-handling-mixed-variables

============================
Do you want to learn from me?
Check my affordable mentorship program at : https://learnwith.campusx.in/s/store
============================

📱 Grow with us:
CampusX' LinkedIn: https://www.linkedin.com/company/campusx-official
CampusX on Instagram for daily tips: https://www.instagram.com/campusx.official
My LinkedIn: https://www.linkedin.com/in/nitish-singh-03412789
Discord: https://discord.gg/PsWu8R87Z8
E-mail us at support@campusx.in",https://i.ytimg.com/vi/9xiX-I5_LQY/maxresdefault.jpg,CampusX,108306,3206,67,730,12.17,12:10,"12 Minutes, 10 Seconds",2021-04-20T14:30:00,https://www.youtube.com/watch?v=9xiX-I5_LQY,"[#Education, #Engineering, #Campus, #Placement, #Skills, #Machine Learning, #Software, #Web Development, #Profile Building]",[],[support@campusx.in],"[https://discord.gg/PsWu8R87Z8, https://www.linkedin.com/company/campusx-official, https://learnwith.campusx.in/s/store, https://www.linkedin.com/in/nitish-singh-03412789, https://github.com/campusx-official/100-days-of-machine-learning/tree/main/day33-handling-mixed-variables, https://www.instagram.com/campusx.official]"
Handling Date and Time Variables | Day 34 | 100 Days of Machine Learning,"Managing date and time variables is crucial for effective data analysis. Techniques include parsing and extracting components, creating new features, and handling missing values through imputation or interpolation. These practices ensure accurate and meaningful utilization of date and time information in your dataset.

Code Used: https://github.com/campusx-official/100-days-of-machine-learning/tree/main/day34-handling-date-and-time

============================
Do you want to learn from me?
Check my affordable mentorship program at : https://learnwith.campusx.in/s/store
============================

📱 Grow with us:
CampusX' LinkedIn: https://www.linkedin.com/company/campusx-official
CampusX on Instagram for daily tips: https://www.instagram.com/campusx.official
My LinkedIn: https://www.linkedin.com/in/nitish-singh-03412789
Discord: https://discord.gg/PsWu8R87Z8
E-mail us at support@campusx.in",https://i.ytimg.com/vi/J73mvgG9fFs/maxresdefault.jpg,CampusX,103891,3700,82,858,14.3,14:18,"14 Minutes, 18 Seconds",2021-04-21T14:30:01,https://www.youtube.com/watch?v=J73mvgG9fFs,"[#Education, #Engineering, #Campus, #Placement, #Skills, #Machine Learning, #Software, #Web Development, #Profile Building]",[],[support@campusx.in],"[https://discord.gg/PsWu8R87Z8, https://www.linkedin.com/company/campusx-official, https://github.com/campusx-official/100-days-of-machine-learning/tree/main/day34-handling-date-and-time, https://learnwith.campusx.in/s/store, https://www.linkedin.com/in/nitish-singh-03412789, https://www.instagram.com/campusx.official]"
Handling Missing Data | Part 1 | Complete Case Analysis,"Handling missing data is an essential step in the data preprocessing pipeline, ensuring that ML models are trained on high-quality, representative datasets, leading to more accurate and reliable predictions Techniques like imputation, dropping missing values, or advanced methods such as Multiple Imputation can be employed based on the nature and impact of missing data. Choosing the right strategy ensures the reliability and accuracy of your models.

Code Used: https://github.com/campusx-official/100-days-of-machine-learning/tree/main/day35-complete-case-analysis

============================
Do you want to learn from me?
Check my affordable mentorship program at : https://learnwith.campusx.in/s/store
============================

📱 Grow with us:
CampusX' LinkedIn: https://www.linkedin.com/company/campusx-official
CampusX on Instagram for daily tips: https://www.instagram.com/campusx.official
My LinkedIn: https://www.linkedin.com/in/nitish-singh-03412789
Discord: https://discord.gg/PsWu8R87Z8
E-mail us at support@campusx.in

⌚Time Stamps⌚

00:00 - Intro
00:58 - Handling Missing Data
05:50 - Complete Case Analysis [CCA]
07:09 - Assumption for CCA
09:38 - Advantages and Disadvantages of CCA
11:39 - When to use CCA?
13:24 - Code Example",https://i.ytimg.com/vi/aUnNWZorGmk/maxresdefault.jpg,CampusX,167334,4462,99,1494,24.9,24:54,"24 Minutes, 54 Seconds",2021-04-22T14:30:00,https://www.youtube.com/watch?v=aUnNWZorGmk,"[#Education, #Engineering, #Campus, #Placement, #Skills, #Machine Learning, #Software, #Web Development, #Profile Building]",[],[support@campusx.in],"[https://discord.gg/PsWu8R87Z8, https://www.linkedin.com/company/campusx-official, https://learnwith.campusx.in/s/store, https://www.linkedin.com/in/nitish-singh-03412789, https://www.instagram.com/campusx.official, https://github.com/campusx-official/100-days-of-machine-learning/tree/main/day35-complete-case-analysis]"
Handling missing data | Numerical Data | Simple Imputer,"Simple Imputer is a practical solution for filling missing numerical values in a dataset. This method replaces missing entries with the mean, median, or a specified constant, providing a straightforward approach to address and mitigate the impact of missing numerical data in your dataset.

Code Used: https://github.com/campusx-official/100-days-of-machine-learning/upload/main/day36-imputing-numerical-data

============================
Do you want to learn from me?
Check my affordable mentorship program at : https://learnwith.campusx.in/s/store
============================

📱 Grow with us:
CampusX' LinkedIn: https://www.linkedin.com/company/campusx-official
CampusX on Instagram for daily tips: https://www.instagram.com/campusx.official
My LinkedIn: https://www.linkedin.com/in/nitish-singh-03412789
Discord: https://discord.gg/PsWu8R87Z8
E-mail us at support@campusx.in

⌚Time Stamps⌚

00:00 - Intro
00:37 - Handling Missing Numerical Data
03:33 - Mean / Median Imputation
07:55 - Code Demo
17:15 - Imputation using SKlearn
20:15 - Arbitarry Value Imputation
22:40 - Code Demo
25:57 - End of Distribution Imputation
30:09 - Outro",https://i.ytimg.com/vi/mCL2xLBDw8M/maxresdefault.jpg,CampusX,151661,3851,130,1881,31.35,31:21,"31 Minutes, 21 Seconds",2021-04-23T14:30:13,https://www.youtube.com/watch?v=mCL2xLBDw8M,"[#Education, #Engineering, #Campus, #Placement, #Skills, #Machine Learning, #Software, #Web Development, #Profile Building]",[],[support@campusx.in],"[https://discord.gg/PsWu8R87Z8, https://www.linkedin.com/company/campusx-official, https://learnwith.campusx.in/s/store, https://www.linkedin.com/in/nitish-singh-03412789, https://www.instagram.com/campusx.official, https://github.com/campusx-official/100-days-of-machine-learning/upload/main/day36-imputing-numerical-data]"
Handling Missing Categorical Data | Simple Imputer | Most Frequent Imputation | Missing Category Imp,"For efficient data preprocessing, Simple Imputer and Most Frequent Imputation are effective techniques. Simple Imputer fills missing categorical values with a specified constant, while Most Frequent Imputation replaces them with the most frequent category in the column. These methods ensure a robust approach to addressing missing categorical data in your dataset.

Code Used: https://github.com/campusx-official/100-days-of-machine-learning/tree/main/day37-handling-missing-categorical-data

============================
Do you want to learn from me?
Check my affordable mentorship program at : https://learnwith.campusx.in/s/store
============================

📱 Grow with us:
CampusX' LinkedIn: https://www.linkedin.com/company/campusx-official
CampusX on Instagram for daily tips: https://www.instagram.com/campusx.official
My LinkedIn: https://www.linkedin.com/in/nitish-singh-03412789
Discord: https://discord.gg/PsWu8R87Z8
E-mail us at support@campusx.in",https://i.ytimg.com/vi/l_Wip8bEDFQ/maxresdefault.jpg,CampusX,111876,2840,68,814,13.57,13:34,"13 Minutes, 34 Seconds",2021-04-24T14:30:10,https://www.youtube.com/watch?v=l_Wip8bEDFQ,"[#Education, #Engineering, #Campus, #Placement, #Skills, #Machine Learning, #Software, #Web Development, #Profile Building]",[],[support@campusx.in],"[https://discord.gg/PsWu8R87Z8, https://www.linkedin.com/company/campusx-official, https://learnwith.campusx.in/s/store, https://www.linkedin.com/in/nitish-singh-03412789, https://www.instagram.com/campusx.official, https://github.com/campusx-official/100-days-of-machine-learning/tree/main/day37-handling-missing-categorical-data]"
Missing Indicator | Random Sample Imputation | Handling Missing Data Part 4,"The Missing Indicator method involves creating a binary indicator for missing values in a dataset, providing additional information on missing patterns. Random Sample Imputation, on the other hand, fills missing values with random samples from the observed data. These techniques offer alternative strategies for handling missing data in a dataset.

Code Used: https://github.com/campusx-official/100-days-of-machine-learning/tree/main/day38-missing-indicator

============================
Do you want to learn from me?
Check my affordable mentorship program at : https://learnwith.campusx.in/s/store
============================

📱 Grow with us:
CampusX' LinkedIn: https://www.linkedin.com/company/campusx-official
CampusX on Instagram for daily tips: https://www.instagram.com/campusx.official
My LinkedIn: https://www.linkedin.com/in/nitish-singh-03412789
Discord: https://discord.gg/PsWu8R87Z8
E-mail us at support@campusx.in

⌚Time Stamps⌚

00:00 - Intro
00:12 - Revision
02:12 - What is Random Imputation?
08:35 - Code Demo using Titanic Dataset
21:33 - Missing Indicator
30:17 - Automatically selecting value for Imputation
36:36 - Outro",https://i.ytimg.com/vi/Ratcir3p03w/maxresdefault.jpg,CampusX,125192,3229,117,2225,37.08,37:05,"37 Minutes, 5 Seconds",2021-04-26T14:30:02,https://www.youtube.com/watch?v=Ratcir3p03w,"[#Education, #Engineering, #Campus, #Placement, #Skills, #Machine Learning, #Software, #Web Development, #Profile Building]",[],[support@campusx.in],"[https://discord.gg/PsWu8R87Z8, https://www.linkedin.com/company/campusx-official, https://github.com/campusx-official/100-days-of-machine-learning/tree/main/day38-missing-indicator, https://learnwith.campusx.in/s/store, https://www.linkedin.com/in/nitish-singh-03412789, https://www.instagram.com/campusx.official]"
KNN Imputer | Multivariate Imputation | Handling Missing Data Part 5,"The KNN Imputer is a technique used in multivariate imputation to fill in missing values by considering the values of their k-nearest neighbors. This method leverages similarities between data points to impute missing values effectively, offering a versatile approach to handling missing data in a multivariate context.

Code used: https://github.com/campusx-official/100-days-of-machine-learning/tree/main/day39-knn-imputer

Documentation:
https://scikit-learn.org/stable/modules/generated/sklearn.impute.KNNImputer.html

https://scikit-learn.org/stable/modules/generated/sklearn.metrics.pairwise.nan_euclidean_distances.html

============================
Do you want to learn from me?
Check my affordable mentorship program at : https://learnwith.campusx.in/s/store
============================

📱 Grow with us:
CampusX' LinkedIn: https://www.linkedin.com/company/campusx-official
CampusX on Instagram for daily tips: https://www.instagram.com/campusx.official
My LinkedIn: https://www.linkedin.com/in/nitish-singh-03412789
Discord: https://discord.gg/PsWu8R87Z8
E-mail us at support@campusx.in

⌚Time Stamps⌚

00:00 - Intro
00:19 - Difference between Univariate and Multivariate Imputation
02:15 - How KNN Imputer works?
06:46 - NAN Euclidean Distance Documentation
14:17 - Advantages and Disadvantages of KNN Imputer
15:56 - Code Demo
20:00 - Concept of Uniform and Distance",https://i.ytimg.com/vi/-fK-xEev2I8/maxresdefault.jpg,CampusX,156669,3208,125,1467,24.45,24:27,"24 Minutes, 27 Seconds",2021-04-27T14:30:01,https://www.youtube.com/watch?v=-fK-xEev2I8,"[#Education, #Engineering, #Campus, #Placement, #Skills, #Machine Learning, #Software, #Web Development, #Profile Building]",[],[support@campusx.in],"[https://discord.gg/PsWu8R87Z8, https://www.linkedin.com/company/campusx-official, https://learnwith.campusx.in/s/store, https://www.linkedin.com/in/nitish-singh-03412789, https://github.com/campusx-official/100-days-of-machine-learning/tree/main/day39-knn-imputer, https://scikit-learn.org/stable/modules/generated/sklearn.impute.KNNImputer.html, https://scikit-learn.org/stable/modules/generated/sklearn.metrics.pairwise.nan_euclidean_distances.html, https://www.instagram.com/campusx.official]"
Multivariate Imputation by Chained Equations for Missing Value | MICE Algorithm | Iterative Imputer,"Multivariate Imputation by Chained Equations (MICE) is a method for handling missing values in a dataset. It imputes missing values by modeling each variable with missing data as a function of other variables. This iterative process continues until convergence, providing a comprehensive approach to imputing missing values in a multivariate setting.

Code Used: https://github.com/campusx-official/100-days-of-machine-learning/tree/main/day40-iterative-imputer

============================
Do you want to learn from me?
Check my affordable mentorship program at : https://learnwith.campusx.in/s/store
============================

📱 Grow with us:
CampusX' LinkedIn: https://www.linkedin.com/company/campusx-official
CampusX on Instagram for daily tips: https://www.instagram.com/campusx.official
My LinkedIn: https://www.linkedin.com/in/nitish-singh-03412789
Discord: https://discord.gg/PsWu8R87Z8
E-mail us at support@campusx.in

⌚Time Stamps⌚

00:00 - Intro
00:53 - MICE [Multivariate Imputation by Chained Equations]
04:38 - How MICE Works?
17:45 - Code",https://i.ytimg.com/vi/a38ehxv3kyk/maxresdefault.jpg,CampusX,97450,2666,107,1111,18.52,18:31,"18 Minutes, 31 Seconds",2021-04-28T14:30:01,https://www.youtube.com/watch?v=a38ehxv3kyk,"[#Education, #Engineering, #Campus, #Placement, #Skills, #Machine Learning, #Software, #Web Development, #Profile Building]",[],[support@campusx.in],"[https://discord.gg/PsWu8R87Z8, https://www.linkedin.com/company/campusx-official, https://learnwith.campusx.in/s/store, https://www.linkedin.com/in/nitish-singh-03412789, https://github.com/campusx-official/100-days-of-machine-learning/tree/main/day40-iterative-imputer, https://www.instagram.com/campusx.official]"
What are Outliers | Outliers in Machine Learning,"Outliers are data points significantly different from the majority in a dataset. In machine learning, outliers can impact model performance by skewing results or introducing noise. Identifying and handling outliers is crucial for building accurate and robust machine learning models.

============================
Do you want to learn from me?
Check my affordable mentorship program at : https://learnwith.campusx.in/s/store
============================

📱 Grow with us:
CampusX' LinkedIn: https://www.linkedin.com/company/campusx-official
CampusX on Instagram for daily tips: https://www.instagram.com/campusx.official
My LinkedIn: https://www.linkedin.com/in/nitish-singh-03412789
Discord: https://discord.gg/PsWu8R87Z8
E-mail us at support@campusx.in

⌚Time Stamps⌚

00:00 - Intro
00:51 - What are outliers?
04:40 - When should you remove outliers?
07:14 - The effects of outliers in ML algorithms
09:14 - How to treat outliers?
12:01 - How to detect outliers?
15:58 - Techniques for outlier detection and removal",https://i.ytimg.com/vi/Lln1PKgGr_M/maxresdefault.jpg,CampusX,141349,3299,73,1027,17.12,17:07,"17 Minutes, 7 Seconds",2021-04-29T14:30:11,https://www.youtube.com/watch?v=Lln1PKgGr_M,"[#Education, #Engineering, #Campus, #Placement, #Skills, #Machine Learning, #Software, #Web Development, #Profile Building]",[],[support@campusx.in],"[https://discord.gg/PsWu8R87Z8, https://www.linkedin.com/company/campusx-official, https://learnwith.campusx.in/s/store, https://www.linkedin.com/in/nitish-singh-03412789, https://www.instagram.com/campusx.official]"
Outlier Detection and Removal using Z-score Method | Handling Outliers Part 2,"The Z-score method identifies outliers by measuring how far each data point is from the mean in terms of standard deviations. Points beyond a certain Z-score threshold are considered outliers. By applying this method, we can effectively detect and remove outliers, enhancing the robustness of our data analysis.

Code Used: https://github.com/campusx-official/100-days-of-machine-learning/tree/main/day42-outlier-removal-using-zscore

============================
Do you want to learn from me?
Check my affordable mentorship program at : https://learnwith.campusx.in/s/store
============================

📱 Grow with us:
CampusX' LinkedIn: https://www.linkedin.com/company/campusx-official
CampusX on Instagram for daily tips: https://www.instagram.com/campusx.official
My LinkedIn: https://www.linkedin.com/in/nitish-singh-03412789
Discord: https://discord.gg/PsWu8R87Z8
E-mail us at support@campusx.in

⌚Time Stamps⌚

00:00 - Intro
00:30 - Outlier removal using Z score
03:40 - Z Score Formula
05:07 - Outlier Treatment
08:00 - Code Demo
14:08 - Capping",https://i.ytimg.com/vi/OnPE-Z8jtqM/maxresdefault.jpg,CampusX,122527,3137,79,1066,17.77,17:46,"17 Minutes, 46 Seconds",2021-04-30T14:30:04,https://www.youtube.com/watch?v=OnPE-Z8jtqM,"[#Education, #Engineering, #Campus, #Placement, #Skills, #Machine Learning, #Software, #Web Development, #Profile Building]",[],[support@campusx.in],"[https://discord.gg/PsWu8R87Z8, https://www.linkedin.com/company/campusx-official, https://github.com/campusx-official/100-days-of-machine-learning/tree/main/day42-outlier-removal-using-zscore, https://learnwith.campusx.in/s/store, https://www.linkedin.com/in/nitish-singh-03412789, https://www.instagram.com/campusx.official]"
Outlier Detection and Removal using the IQR Method | Handing Outliers Part 3,"This video focuses on using the IQR (Interquartile Range) method, providing a simple approach to detect and remove outliers. Master the art of data cleaning with this practical tutorial.

Code Used : https://github.com/campusx-official/100-days-of-machine-learning/tree/main/day43-outlier-removal-using-iqr-method

============================
Do you want to learn from me?
Check my affordable mentorship program at : https://learnwith.campusx.in/s/store
============================

📱 Grow with us:
CampusX' LinkedIn: https://www.linkedin.com/company/campusx-official
CampusX on Instagram for daily tips: https://www.instagram.com/campusx.official
My LinkedIn: https://www.linkedin.com/in/nitish-singh-03412789
Discord: https://discord.gg/PsWu8R87Z8
E-mail us at support@campusx.in",https://i.ytimg.com/vi/Ccv1-W5ilak/maxresdefault.jpg,CampusX,117804,3040,78,845,14.08,14:05,"14 Minutes, 5 Seconds",2021-05-01T14:30:01,https://www.youtube.com/watch?v=Ccv1-W5ilak,"[#Education, #Engineering, #Campus, #Placement, #Skills, #Machine Learning, #Software, #Web Development, #Profile Building]",[],[support@campusx.in],"[https://discord.gg/PsWu8R87Z8, https://www.linkedin.com/company/campusx-official, https://learnwith.campusx.in/s/store, https://www.linkedin.com/in/nitish-singh-03412789, https://www.instagram.com/campusx.official, https://github.com/campusx-official/100-days-of-machine-learning/tree/main/day43-outlier-removal-using-iqr-method]"
Outlier Detection using the Percentile Method | Winsorization Technique,"This video introduces the Winsorization technique, a practical approach to handle outliers. Learn how to enhance the robustness of your data analysis by addressing outliers effectively.

Code used : https://github.com/campusx-official/100-days-of-machine-learning

============================
Do you want to learn from me?
Check my affordable mentorship program at : https://learnwith.campusx.in/s/store
============================

📱 Grow with us:
CampusX' LinkedIn: https://www.linkedin.com/company/campusx-official
CampusX on Instagram for daily tips: https://www.instagram.com/campusx.official
My LinkedIn: https://www.linkedin.com/in/nitish-singh-03412789
Discord: https://discord.gg/PsWu8R87Z8
E-mail us at support@campusx.in",https://i.ytimg.com/vi/bcXA4CqRXvM/maxresdefault.jpg,CampusX,83213,2668,58,983,16.38,16:23,"16 Minutes, 23 Seconds",2021-05-03T14:30:04,https://www.youtube.com/watch?v=bcXA4CqRXvM,"[#Education, #Engineering, #Campus, #Placement, #Skills, #Machine Learning, #Software, #Web Development, #Profile Building]",[],[support@campusx.in],"[https://discord.gg/PsWu8R87Z8, https://www.linkedin.com/company/campusx-official, https://learnwith.campusx.in/s/store, https://www.linkedin.com/in/nitish-singh-03412789, https://www.instagram.com/campusx.official, https://github.com/campusx-official/100-days-of-machine-learning]"
Feature Construction | Feature Splitting,"Explore the world of feature manipulation in this video. Learn about feature construction and specifically, feature splitting techniques. Discover how breaking down and reshaping features can enhance your data for better machine learning model performance.

Code Used: https://github.com/campusx-official/100-days-of-machine-learning/tree/main/day45-feature-construction-and-feature-splitting

============================
Do you want to learn from me?
Check my affordable mentorship program at : https://learnwith.campusx.in/s/store
============================

📱 Grow with us:
CampusX' LinkedIn: https://www.linkedin.com/company/campusx-official
CampusX on Instagram for daily tips: https://www.instagram.com/campusx.official
My LinkedIn: https://www.linkedin.com/in/nitish-singh-03412789
Discord: https://discord.gg/PsWu8R87Z8
E-mail us at support@campusx.in",https://i.ytimg.com/vi/ma-h30PoFms/maxresdefault.jpg,CampusX,91544,2608,44,742,12.37,12:22,"12 Minutes, 22 Seconds",2021-05-04T14:30:09,https://www.youtube.com/watch?v=ma-h30PoFms,"[#Education, #Engineering, #Campus, #Placement, #Skills, #Machine Learning, #Software, #Web Development, #Profile Building]",[],[support@campusx.in],"[https://discord.gg/PsWu8R87Z8, https://www.linkedin.com/company/campusx-official, https://learnwith.campusx.in/s/store, https://www.linkedin.com/in/nitish-singh-03412789, https://github.com/campusx-official/100-days-of-machine-learning/tree/main/day45-feature-construction-and-feature-splitting, https://www.instagram.com/campusx.official]"
Curse of Dimensionality,"Understand the 'curse of dimensionality' and its impact on machine learning. Simplifying complex concepts, we explore how handling a large number of dimensions affects your data analysis and model performance.

============================
Do you want to learn from me?
Check my affordable mentorship program at : https://learnwith.campusx.in/s/store
============================

📱 Grow with us:
CampusX' LinkedIn: https://www.linkedin.com/company/campusx-official
CampusX on Instagram for daily tips: https://www.instagram.com/campusx.official
My LinkedIn: https://www.linkedin.com/in/nitish-singh-03412789
Discord: https://discord.gg/PsWu8R87Z8
E-mail us at support@campusx.in",https://i.ytimg.com/vi/ToGuhynu-No/maxresdefault.jpg,CampusX,146538,3941,96,925,15.42,15:25,"15 Minutes, 25 Seconds",2021-05-05T14:30:03,https://www.youtube.com/watch?v=ToGuhynu-No,"[#Education, #Engineering, #Campus, #Placement, #Skills, #Machine Learning, #Software, #Web Development, #Profile Building]",[],[support@campusx.in],"[https://discord.gg/PsWu8R87Z8, https://www.linkedin.com/company/campusx-official, https://learnwith.campusx.in/s/store, https://www.linkedin.com/in/nitish-singh-03412789, https://www.instagram.com/campusx.official]"
Principle Component Analysis  (PCA) | Part 1 | Geometric Intuition,"This video focuses on providing a clear geometric intuition behind PCA. Learn the basics and set the foundation for understanding how PCA works in simplifying and preserving important information in your data.

============================
Do you want to learn from me?
Check my affordable mentorship program at : https://learnwith.campusx.in/s/store
============================

📱 Grow with us:
CampusX' LinkedIn: https://www.linkedin.com/company/campusx-official
CampusX on Instagram for daily tips: https://www.instagram.com/campusx.official
My LinkedIn: https://www.linkedin.com/in/nitish-singh-03412789
Discord: https://discord.gg/PsWu8R87Z8
E-mail us at support@campusx.in

⌚Time Stamps⌚

00:00 - Intro
00:44 - What is PCA
05:16 - Benefits of using PCA
07:33 - Geometric Intuition
25:01 - What is variance and why is it important?",https://i.ytimg.com/vi/iRbsBi5W0-c/maxresdefault.jpg,CampusX,266551,5479,148,2034,33.9,33:54,"33 Minutes, 54 Seconds",2021-05-06T14:30:03,https://www.youtube.com/watch?v=iRbsBi5W0-c,"[#Education, #Engineering, #Campus, #Placement, #Skills, #Machine Learning, #Software, #Web Development, #Profile Building]",[],[support@campusx.in],"[https://discord.gg/PsWu8R87Z8, https://www.linkedin.com/company/campusx-official, https://learnwith.campusx.in/s/store, https://www.linkedin.com/in/nitish-singh-03412789, https://www.instagram.com/campusx.official]"
Principle Component Analysis (PCA) | Part 2 | Problem Formulation and Step by Step Solution,"This video breaks down the problem formulation and offers a step-by-step solution guide. Enhance your understanding of PCA and master the techniques for dimensionality reduction in your data.

Code used: https://github.com/campusx-official/100-days-of-machine-learning/tree/main/day47-pca

About Eigen Vectors:
https://www.visiondummy.com/2014/04/geometric-interpretation-covariance-matrix/#:~:text=covariance%20matrix%20captures%20the%20spread%20of%20N%2Ddimensional%20data.&text=Figure%203.,is%20captured%20by%20the%20variance.
https://www.youtube.com/watch?v=PFDu9oVAE-g&t=394s

Plotting tool used:
https://www.geogebra.org/m/YCZa8TAH

============================
Do you want to learn from me?
Check my affordable mentorship program at : https://learnwith.campusx.in/s/store
============================

📱 Grow with us:
CampusX' LinkedIn: https://www.linkedin.com/company/campusx-official
CampusX on Instagram for daily tips: https://www.instagram.com/campusx.official
My LinkedIn: https://www.linkedin.com/in/nitish-singh-03412789
Discord: https://discord.gg/PsWu8R87Z8
E-mail us at support@campusx.in

⌚Time Stamps⌚

00:00 - Practical Example on MNIST Dataset
00:33 - Problem Formulation
12:55 - Covariance and Covariance Matrix
23:17 - Eigen Vectors and Eigen Values
25:37 - Visualizing Linear Trasnformations
35:35 - Eigendecompostion of a covariance Matrix
38:04 - How to solve PCA
43:41 - How to transform points?
48:18 - Code Demo with Vizualization
56:00 - Outro",https://i.ytimg.com/vi/tXXnxjj2wM4/maxresdefault.jpg,CampusX,226230,5274,317,3377,56.28,56:17,"56 Minutes, 17 Seconds",2021-05-07T14:30:04,https://www.youtube.com/watch?v=tXXnxjj2wM4,"[#Education, #Engineering, #Campus, #Placement, #Skills, #Machine Learning, #Software, #Web Development, #Profile Building]",[],[support@campusx.in],"[https://discord.gg/PsWu8R87Z8, https://www.linkedin.com/company/campusx-official, https://learnwith.campusx.in/s/store, https://www.geogebra.org/m/YCZa8TAH, https://www.youtube.com/watch?v=PFDu9oVAE-g&t=394s, https://www.linkedin.com/in/nitish-singh-03412789, https://www.instagram.com/campusx.official, https://github.com/campusx-official/100-days-of-machine-learning/tree/main/day47-pca, https://www.visiondummy.com/2014/04/geometric-interpretation-covariance-matrix/#:~:text=covariance%20matrix%20captures%20the%20spread%20of%20N%2Ddimensional%20data.&text=Figure%203.]"
Principle Component Analysis(PCA) | Part 3 | Code Example and Visualization,"In this video, we provide a code example and visualization to showcase how to implement PCA in Python. Follow along and see the power of PCA in action, simplifying data and enhancing visualization for better insights.

Code used: https://github.com/campusx-official/100-days-of-machine-learning/tree/main/day47-pca

TASK PCA:  https://colab.research.google.com/drive/19AtHlobDsFzsOSXKl8K9qlsqNu2McXza?usp=sharing

Task PCA Solution : https://colab.research.google.com/drive/1gsYahZavBH9lX6CjRJztV-lIHkwr2ajL?usp=sharing

============================
Do you want to learn from me?
Check my affordable mentorship program at : https://learnwith.campusx.in/s/store
============================

📱 Grow with us:
CampusX' LinkedIn: https://www.linkedin.com/company/campusx-official
CampusX on Instagram for daily tips: https://www.instagram.com/campusx.official
My LinkedIn: https://www.linkedin.com/in/nitish-singh-03412789
Discord: https://discord.gg/PsWu8R87Z8
E-mail us at support@campusx.in

⌚Time Stamps⌚

00:00 - Practical Example on MNIST Dataset
01:30 - PCA Code Demo
21:50 - 2D Visualization
28:50 - Explained Variance
30:48 - Finding Optimum number of principle components required
34:34 - PCA Code Demo
39:35 - When does PCA not work?
43:00 - Outro",https://i.ytimg.com/vi/tofVCUDrg4M/maxresdefault.jpg,CampusX,139345,3944,150,2606,43.43,43:26,"43 Minutes, 26 Seconds",2021-05-08T14:30:06,https://www.youtube.com/watch?v=tofVCUDrg4M,"[#Education, #Engineering, #Campus, #Placement, #Skills, #Machine Learning, #Software, #Web Development, #Profile Building]",[],[support@campusx.in],"[https://discord.gg/PsWu8R87Z8, https://www.linkedin.com/company/campusx-official, https://colab.research.google.com/drive/1gsYahZavBH9lX6CjRJztV-lIHkwr2ajL?usp=sharing, https://colab.research.google.com/drive/19AtHlobDsFzsOSXKl8K9qlsqNu2McXza?usp=sharing, https://learnwith.campusx.in/s/store, https://www.linkedin.com/in/nitish-singh-03412789, https://www.instagram.com/campusx.official, https://github.com/campusx-official/100-days-of-machine-learning/tree/main/day47-pca]"
Simple Linear Regression | Code + Intuition | Simplest Explanation in Hindi,"Get a grasp of Simple Linear Regression in this video that combines both code and intuition. We simplify the concepts and guide you through the code implementation, making it easy to understand how this fundamental regression technique works.

Code used: https://github.com/campusx-official/100-days-of-machine-learning/tree/main/day48-simple-linear-regression

============================
Do you want to learn from me?
Check my affordable mentorship program at : https://learnwith.campusx.in/s/store
============================

📱 Grow with us:
CampusX' LinkedIn: https://www.linkedin.com/company/campusx-official
CampusX on Instagram for daily tips: https://www.instagram.com/campusx.official
My LinkedIn: https://www.linkedin.com/in/nitish-singh-03412789
Discord: https://discord.gg/PsWu8R87Z8
E-mail us at support@campusx.in

⌚Time Stamps⌚

00:00 - Intro
00:15 - What is Linear Regression
02:58 - Types of Linear Regression
07:26 - Simple Linear Regression
17:07 - Applying with Code
28:47 - Intuition",https://i.ytimg.com/vi/UZPfbG0jNec/maxresdefault.jpg,CampusX,445445,7788,208,2016,33.6,33:36,"33 Minutes, 36 Seconds",2021-05-10T14:30:07,https://www.youtube.com/watch?v=UZPfbG0jNec,"[#Education, #Engineering, #Campus, #Placement, #Skills, #Machine Learning, #Software, #Web Development, #Profile Building]",[],[support@campusx.in],"[https://discord.gg/PsWu8R87Z8, https://www.linkedin.com/company/campusx-official, https://github.com/campusx-official/100-days-of-machine-learning/tree/main/day48-simple-linear-regression, https://learnwith.campusx.in/s/store, https://www.linkedin.com/in/nitish-singh-03412789, https://www.instagram.com/campusx.official]"
Simple Linear Regression | Mathematical Formulation | Coding from Scratch,"In this video, we break down the formula and guide you through coding from scratch in Python. Watch, learn, and build a solid understanding of this foundational regression technique.

Code used: https://github.com/campusx-official/100-days-of-machine-learning/tree/main/day48-simple-linear-regression

============================
Do you want to learn from me?
Check my affordable mentorship program at : https://learnwith.campusx.in/s/store
============================

📱 Grow with us:
CampusX' LinkedIn: https://www.linkedin.com/company/campusx-official
CampusX on Instagram for daily tips: https://www.instagram.com/campusx.official
My LinkedIn: https://www.linkedin.com/in/nitish-singh-03412789
Discord: https://discord.gg/PsWu8R87Z8
E-mail us at support@campusx.in

⌚Time Stamps⌚

00:00 - Intro
01:15 - Revision / How to Find 'm' and 'b'
40:06 - Coding from Scratch
53:10 - Outro",https://i.ytimg.com/vi/dXHIDLPKdmA/maxresdefault.jpg,CampusX,294445,7442,368,3211,53.52,53:31,"53 Minutes, 31 Seconds",2021-05-11T14:30:06,https://www.youtube.com/watch?v=dXHIDLPKdmA,"[#Education, #Engineering, #Campus, #Placement, #Skills, #Machine Learning, #Software, #Web Development, #Profile Building]",[],[support@campusx.in],"[https://discord.gg/PsWu8R87Z8, https://www.linkedin.com/company/campusx-official, https://github.com/campusx-official/100-days-of-machine-learning/tree/main/day48-simple-linear-regression, https://learnwith.campusx.in/s/store, https://www.linkedin.com/in/nitish-singh-03412789, https://www.instagram.com/campusx.official]"
"Regression Metrics | MSE, MAE & RMSE | R2 Score & Adjusted R2 Score","Understand key metrics for evaluating regression models in this video. We cover Mean Squared Error (MSE), Mean Absolute Error (MAE), Root Mean Squared Error (RMSE), R2 Score, and Adjusted R2 Score. Learn how these metrics help assess the accuracy and performance of your regression models.

Code Used: https://github.com/campusx-official/100-days-of-machine-learning/tree/main/day49-regression-metrics

============================
Do you want to learn from me?
Check my affordable mentorship program at : https://learnwith.campusx.in/s/store
============================

📱 Grow with us:
CampusX' LinkedIn: https://www.linkedin.com/company/campusx-official
CampusX on Instagram for daily tips: https://www.instagram.com/campusx.official
My LinkedIn: https://www.linkedin.com/in/nitish-singh-03412789
Discord: https://discord.gg/PsWu8R87Z8
E-mail us at support@campusx.in

⌚Time Stamps⌚

00:00 - Intro
01:32 - MAE(Mean Absolute Error) 
07:41 - MSE(Mean squared Error)
12:29 - RSME(Root Mean Squared Error)
15:52 - R2 SCORE
27:06 - Adjusted R2 SCORE
33:41 - Code for the above Matrix",https://i.ytimg.com/vi/Ti7c-Hz7GSM/maxresdefault.jpg,CampusX,254526,5923,194,2636,43.93,43:56,"43 Minutes, 56 Seconds",2021-05-13T14:30:02,https://www.youtube.com/watch?v=Ti7c-Hz7GSM,"[#Education, #Engineering, #Campus, #Placement, #Skills, #Machine Learning, #Software, #Web Development, #Profile Building]",[],[support@campusx.in],"[https://discord.gg/PsWu8R87Z8, https://www.linkedin.com/company/campusx-official, https://learnwith.campusx.in/s/store, https://www.linkedin.com/in/nitish-singh-03412789, https://github.com/campusx-official/100-days-of-machine-learning/tree/main/day49-regression-metrics, https://www.instagram.com/campusx.official]"
Multiple Linear Regression | Geometric Intuition & Code,"This video simplifies the concepts, providing a clear understanding of how to implement Multiple Linear Regression in Python. Enhance your regression skills with this hands-on tutorial.

Code used: https://github.com/campusx-official/100-days-of-machine-learning/tree/main/day50-multiple-linear-regression

Plotly: https://www.youtube.com/watch?v=5mnitCrNQzI&t=606s

Hyperplane : https://www.youtube.com/watch?v=10e-b8AgdVA

============================
Do you want to learn from me?
Check my affordable mentorship program at : https://learnwith.campusx.in/s/store
============================

📱 Grow with us:
CampusX' LinkedIn: https://www.linkedin.com/company/campusx-official
CampusX on Instagram for daily tips: https://www.instagram.com/campusx.official
My LinkedIn: https://www.linkedin.com/in/nitish-singh-03412789
Discord: https://discord.gg/PsWu8R87Z8
E-mail us at support@campusx.in",https://i.ytimg.com/vi/ashGekqstl8/maxresdefault.jpg,CampusX,205062,4897,162,1257,20.95,20:57,"20 Minutes, 57 Seconds",2021-05-14T14:30:01,https://www.youtube.com/watch?v=ashGekqstl8,"[#Education, #Engineering, #Campus, #Placement, #Skills, #Machine Learning, #Software, #Web Development, #Profile Building]",[],[support@campusx.in],"[https://discord.gg/PsWu8R87Z8, https://www.youtube.com/watch?v=5mnitCrNQzI&t=606s, https://www.linkedin.com/company/campusx-official, https://www.youtube.com/watch?v=10e-b8AgdVA, https://learnwith.campusx.in/s/store, https://www.linkedin.com/in/nitish-singh-03412789, https://www.instagram.com/campusx.official, https://github.com/campusx-official/100-days-of-machine-learning/tree/main/day50-multiple-linear-regression]"
Multiple Linear Regression | Part 2 | Mathematical Formulation From Scratch,"Dive into the mathematical foundation of Multiple Linear Regression in this second part of our series. We'll guide you through the formulation from scratch, making it easy to grasp the concepts behind this powerful regression technique. Build a solid foundation for your regression modeling skills.

============================
Do you want to learn from me?
Check my affordable mentorship program at : https://learnwith.campusx.in/s/store
============================

📱 Grow with us:
CampusX' LinkedIn: https://www.linkedin.com/company/campusx-official
CampusX on Instagram for daily tips: https://www.instagram.com/campusx.official
My LinkedIn: https://www.linkedin.com/in/nitish-singh-03412789
Discord: https://discord.gg/PsWu8R87Z8
E-mail us at support@campusx.in

⌚Time Stamps⌚

00:00 - Intro
00:30 - Types of Linear Regression
03:31 - Mathematical Formulation
26:45 - Detouring for sometime
43:20 - Why Gradient Descent?",https://i.ytimg.com/vi/NU37mF5q8VE/maxresdefault.jpg,CampusX,167524,4566,224,2891,48.18,48:11,"48 Minutes, 11 Seconds",2021-05-15T14:30:07,https://www.youtube.com/watch?v=NU37mF5q8VE,"[#Education, #Engineering, #Campus, #Placement, #Skills, #Machine Learning, #Software, #Web Development, #Profile Building]",[],[support@campusx.in],"[https://discord.gg/PsWu8R87Z8, https://www.linkedin.com/company/campusx-official, https://learnwith.campusx.in/s/store, https://www.linkedin.com/in/nitish-singh-03412789, https://www.instagram.com/campusx.official]"
Multiple Linear Regression | Part 3 | Code From Scratch,"Dive into the mathematical foundation of Multiple Linear Regression in this third part of our series. We'll guide you through the formulation from scratch, making it easy to grasp the concepts behind this powerful regression technique. Build a solid foundation for your regression modeling skills.

Code used: https://github.com/campusx-official/100-days-of-machine-learning/tree/main/day50-multiple-linear-regression

Other reading material:
https://scikit-learn.org/stable/datasets/toy_dataset.html#diabetes-dataset
https://www.tutorialspoint.com/numpy/numpy_insert.htm
https://www.tutorialspoint.com/numpy/numpy_inv.htm

============================
Do you want to learn from me?
Check my affordable mentorship program at : https://learnwith.campusx.in/s/store
============================

📱 Grow with us:
CampusX' LinkedIn: https://www.linkedin.com/company/campusx-official
CampusX on Instagram for daily tips: https://www.instagram.com/campusx.official
My LinkedIn: https://www.linkedin.com/in/nitish-singh-03412789
Discord: https://discord.gg/PsWu8R87Z8
E-mail us at support@campusx.in",https://i.ytimg.com/vi/VmZWXzxmNrE/maxresdefault.jpg,CampusX,116655,2729,92,961,16.02,16:01,"16 Minutes, 1 Seconds",2021-05-17T14:30:03,https://www.youtube.com/watch?v=VmZWXzxmNrE,"[#Education, #Engineering, #Campus, #Placement, #Skills, #Machine Learning, #Software, #Web Development, #Profile Building]",[#diabetes],[support@campusx.in],"[https://discord.gg/PsWu8R87Z8, https://www.linkedin.com/company/campusx-official, https://learnwith.campusx.in/s/store, https://www.linkedin.com/in/nitish-singh-03412789, https://scikit-learn.org/stable/datasets/toy_dataset.html#diabetes-dataset, https://www.instagram.com/campusx.official, https://www.tutorialspoint.com/numpy/numpy_inv.htm, https://www.tutorialspoint.com/numpy/numpy_insert.htm, https://github.com/campusx-official/100-days-of-machine-learning/tree/main/day50-multiple-linear-regression]"
What are the main Assumptions of Linear Regression? | Top 5 Assumptions of Linear Regression,"In this video, we will discuss the assumptions of linear regression in detail. We will first discuss all the assumptions in theory, and then write python code to check it.  We'll explore the key assumptions that underlie Linear Regression.

🧑‍💻Code - https://github.com/campusx-official/linear-regression-assumptions

============================
Do you want to learn from me?
Check my affordable mentorship program at : https://learnwith.campusx.in
============================

📱 Grow with us:
CampusX' LinkedIn: https://www.linkedin.com/company/campusx-official
CampusX on Instagram for daily tips: https://www.instagram.com/campusx.official
My LinkedIn: https://www.linkedin.com/in/nitish-singh-03412789
Discord: https://discord.gg/PsWu8R87Z8

👍If you find this video helpful, consider giving it a thumbs up and subscribing for more educational videos on data science!

💭Share your thoughts, experiences, or questions in the comments below. I love hearing from you!

✨ Hashtags✨
#LinearRegression #StatisticsExplained #DataScience101

⌚Time Stamps⌚

00:00 - Intro
00:32 - Main Assumptions of Linear Regression
01:57 - Linear Relationship
04:25 - Multicollinearity
09:56 - Normal Residual
13:14 - Homoscedasticity
15:36 - No Autocorrelation of Error
17:25 - Outro",https://i.ytimg.com/vi/EmSNAtcHLm8/maxresdefault.jpg,CampusX,109045,4483,134,1058,17.63,17:38,"17 Minutes, 38 Seconds",2022-06-20T14:00:07,https://www.youtube.com/watch?v=EmSNAtcHLm8,"[#assumptions of linear regression, #what are the assumptions for a linear regression model, #linear regression assumptions machine learning, #linear regression assumptions explained, #linear regression assumptions python, #linear regression assumptions linearity, #multiple linear regression assumptions, #campusx, #how to check linear regression assumptions, #checking assumptions of linear regression in python, #python code to check linear regression assumption]","[#StatisticsExplained, #LinearRegression, #DataScience101]",[],"[https://github.com/campusx-official/linear-regression-assumptions, https://discord.gg/PsWu8R87Z8, https://www.linkedin.com/company/campusx-official, https://learnwith.campusx.in, https://www.linkedin.com/in/nitish-singh-03412789, https://www.instagram.com/campusx.official]"
Gradient Descent From Scratch | End to End Gradient Descent | Gradient Descent Animation,"This is a comprehensive guide to understanding Gradient Descent. We'll cover the entire process from scratch, providing an end-to-end view. Plus, witness a visual representation with a Gradient Descent animation. 

Code used: https://github.com/campusx-official/100-days-of-machine-learning/tree/main/day51-gradient-descent

Google Tool used: https://developers.google.com/machine-learning/crash-course/fitter/graph

============================
Do you want to learn from me?
Check my affordable mentorship program at : https://learnwith.campusx.in/s/store
============================

📱 Grow with us:
CampusX' LinkedIn: https://www.linkedin.com/company/campusx-official
CampusX on Instagram for daily tips: https://www.instagram.com/campusx.official
My LinkedIn: https://www.linkedin.com/in/nitish-singh-03412789
Discord: https://discord.gg/PsWu8R87Z8
E-mail us at support@campusx.in

⌚Time Stamps⌚

00:00 - Intro
01:15 - Summary of Gradient Descent
04:10 - What is gradient descent?
05:22 - Plan of attack
07:25 - Intuition for GD
28:45 - Mathematical Formulation of Gradient Descent
36:11 - Code Demo
47:41 - Creating our own class and methods
57:16 - Vizualizing our class
01:05:05 - Effect of Learning Rate
01:07:33 - Universality of GD
01:10:23 - Performing Gradient Descent by adding 'm'
01:14:15 - Vizualisation
01:23:48 - Code Demo and Vizualization
01:44:35 - Effect of Learning rate
01:49:25 - Effects of Loss Function
01:55:12 - Effect of Data",https://i.ytimg.com/vi/ORyfPJypKuU/maxresdefault.jpg,CampusX,430881,15078,948,7076,117.93,1:57:56,"1 Hours, 57 Minutes, 56 Seconds",2021-05-21T14:30:01,https://www.youtube.com/watch?v=ORyfPJypKuU,"[#Gradient Descent, #What is Gradient Descent, #How does gradient descent works, #Gradient descent in Machine Learning, #Gradient descent linear regression, #Gradient descent explained, #Gradient descent from scratch, #Gradient descent python, #Gradient descent logistic regression, #Gradient descent neural networks]",[],[support@campusx.in],"[https://discord.gg/PsWu8R87Z8, https://developers.google.com/machine-learning/crash-course/fitter/graph, https://www.linkedin.com/company/campusx-official, https://learnwith.campusx.in/s/store, https://www.linkedin.com/in/nitish-singh-03412789, https://www.instagram.com/campusx.official, https://github.com/campusx-official/100-days-of-machine-learning/tree/main/day51-gradient-descent]"
Batch Gradient Descent with Code Demo | Simple Explanation in Hindi,"Learn the fundamentals of Batch Gradient Descent in this video. We break down the concept into simple terms, providing a clear understanding of how this optimization algorithm works.

Code : https://github.com/campusx-official/100-days-of-machine-learning/tree/main/day52-types-of-gradient-descent

============================
Do you want to learn from me?
Check my affordable mentorship program at : https://learnwith.campusx.in/s/store
============================

📱 Grow with us:
CampusX' LinkedIn: https://www.linkedin.com/company/campusx-official
CampusX on Instagram for daily tips: https://www.instagram.com/campusx.official
My LinkedIn: https://www.linkedin.com/in/nitish-singh-03412789
Discord: https://discord.gg/PsWu8R87Z8
E-mail us at support@campusx.in

⌚Time Stamps⌚

00:00 - Intro
00:15 - What is Gradient Descent
00:35 - Types of Gradient Descent
02:03 - Revision
10:02 - Mathematical Formulation of BGD
36:05 - Creating our own GDRegressor Class",https://i.ytimg.com/vi/Jyo53pAyVAM/maxresdefault.jpg,CampusX,164868,4197,178,3889,64.82,1:04:49,"1 Hours, 4 Minutes, 49 Seconds",2021-05-22T14:35:24,https://www.youtube.com/watch?v=Jyo53pAyVAM,"[#Education, #Engineering, #Campus, #Placement, #Skills, #Machine Learning, #Software, #Web Development, #Profile Building]",[],[support@campusx.in],"[https://discord.gg/PsWu8R87Z8, https://www.linkedin.com/company/campusx-official, https://learnwith.campusx.in/s/store, https://www.linkedin.com/in/nitish-singh-03412789, https://github.com/campusx-official/100-days-of-machine-learning/tree/main/day52-types-of-gradient-descent, https://www.instagram.com/campusx.official]"
Stochastic Gradient Descent,"Stochastic Gradient Descent: Simplify the concept of Stochastic Gradient Descent in this video. We'll break down the fundamentals in easy terms, giving you a clear understanding of how this optimization algorithm works.

Code used : https://github.com/campusx-official/100-days-of-machine-learning/tree/main/day52-types-of-gradient-descent

============================
Do you want to learn from me?
Check my affordable mentorship program at : https://learnwith.campusx.in/s/store
============================

📱 Grow with us:
CampusX' LinkedIn: https://www.linkedin.com/company/campusx-official
CampusX on Instagram for daily tips: https://www.instagram.com/campusx.official
My LinkedIn: https://www.linkedin.com/in/nitish-singh-03412789
Discord: https://discord.gg/PsWu8R87Z8
E-mail us at support@campusx.in

⌚Time Stamps⌚

00:00 - Intro
00:21 - The problem with batch gradient descent
06:14 - Stochastic Gradient Descent
06:33 - Code Demo
12:25 - Creating our own SGD Class from Scratch
27:53 - Time Comparison/ Question for you
30:35 - Code Visualization
35:35 - When should you use SGD?
41:41 - Learning Schedules
44:25 - SGD Regressor Class in SKLearn",https://i.ytimg.com/vi/V7KBAa_gh4c/maxresdefault.jpg,CampusX,124505,3584,121,2975,49.58,49:35,"49 Minutes, 35 Seconds",2021-05-25T14:30:06,https://www.youtube.com/watch?v=V7KBAa_gh4c,"[#Education, #Engineering, #Campus, #Placement, #Skills, #Machine Learning, #Software, #Web Development, #Profile Building]",[],[support@campusx.in],"[https://discord.gg/PsWu8R87Z8, https://www.linkedin.com/company/campusx-official, https://learnwith.campusx.in/s/store, https://www.linkedin.com/in/nitish-singh-03412789, https://github.com/campusx-official/100-days-of-machine-learning/tree/main/day52-types-of-gradient-descent, https://www.instagram.com/campusx.official]"
Mini-Batch Gradient Descent,"Understand the essentials of Mini-Batch Gradient Descent with simplicity. This video breaks down the basics, providing a clear overview of how this optimization algorithm works.

Code used : https://github.com/campusx-official/100-days-of-machine-learning/tree/main/day52-types-of-gradient-descent

============================
Do you want to learn from me?
Check my affordable mentorship program at : https://learnwith.campusx.in/s/store
============================

📱 Grow with us:
CampusX' LinkedIn: https://www.linkedin.com/company/campusx-official
CampusX on Instagram for daily tips: https://www.instagram.com/campusx.official
My LinkedIn: https://www.linkedin.com/in/nitish-singh-03412789
Discord: https://discord.gg/PsWu8R87Z8
E-mail us at support@campusx.in

⌚Time Stamps⌚

00:00 - Intro
00:27 - What is Mini-Batch Gradient Descent
05:50 - Coding Mini-Batch Gradient Descent from Scratch
16:40 - Visualization of the code",https://i.ytimg.com/vi/_scscQ4HVTY/maxresdefault.jpg,CampusX,76262,2605,115,1330,22.17,22:10,"22 Minutes, 10 Seconds",2021-05-26T14:30:12,https://www.youtube.com/watch?v=_scscQ4HVTY,"[#Education, #Engineering, #Campus, #Placement, #Skills, #Machine Learning, #Software, #Web Development, #Profile Building]",[],[support@campusx.in],"[https://discord.gg/PsWu8R87Z8, https://www.linkedin.com/company/campusx-official, https://learnwith.campusx.in/s/store, https://www.linkedin.com/in/nitish-singh-03412789, https://github.com/campusx-official/100-days-of-machine-learning/tree/main/day52-types-of-gradient-descent, https://www.instagram.com/campusx.official]"
Polynomial Regression | Machine Learning,"We simplify the concept, making it easy to understand how polynomial terms can enhance your regression models. Learn to apply Polynomial Regression in Python and elevate your skills in capturing complex relationships in your data.

Code used: https://github.com/campusx-official/100-days-of-machine-learning/tree/main/day53-polynomial-regression

============================
Do you want to learn from me?
Check my affordable mentorship program at : https://learnwith.campusx.in/s/store
============================

📱 Grow with us:
CampusX' LinkedIn: https://www.linkedin.com/company/campusx-official
CampusX on Instagram for daily tips: https://www.instagram.com/campusx.official
My LinkedIn: https://www.linkedin.com/in/nitish-singh-03412789
Discord: https://discord.gg/PsWu8R87Z8
E-mail us at support@campusx.in

⌚Time Stamps⌚

00:00 - Intro
00:10 - What is Polynomial Regression
07:25 - Code Demo",https://i.ytimg.com/vi/BNWLf3cKdbQ/maxresdefault.jpg,CampusX,166340,3784,89,1606,26.77,26:46,"26 Minutes, 46 Seconds",2021-05-29T01:48:09,https://www.youtube.com/watch?v=BNWLf3cKdbQ,"[#Education, #Engineering, #Campus, #Placement, #Skills, #Machine Learning, #Software, #Web Development, #Profile Building]",[],[support@campusx.in],"[https://discord.gg/PsWu8R87Z8, https://www.linkedin.com/company/campusx-official, https://learnwith.campusx.in/s/store, https://www.linkedin.com/in/nitish-singh-03412789, https://www.instagram.com/campusx.official, https://github.com/campusx-official/100-days-of-machine-learning/tree/main/day53-polynomial-regression]"
Bias Variance Trade-off | Overfitting and Underfitting in Machine Learning,"In this video, we will learn about bias variance tradeoff in Machine Learning.",https://i.ytimg.com/vi/74DU02Fyrhk/maxresdefault.jpg,CampusX,170768,4008,68,485,8.08,8:05,"8 Minutes, 5 Seconds",2020-06-05T19:54:56,https://www.youtube.com/watch?v=74DU02Fyrhk,[],[],[],[]
Ridge Regression Part 1 | Geometric Intuition and Code | Regularized Linear Models,"Dive into the fundamentals of Ridge Regression with the first part of our series. We'll provide a clear geometric intuition, backed by practical code examples. Explore how Ridge Regression, a form of regularized linear models, can enhance your understanding of linear regression in the presence of multicollinearity.

Code: https://github.com/campusx-official/100-days-of-machine-learning/tree/main/day55-regularized-linear-models

============================
Do you want to learn from me?
Check my affordable mentorship program at : https://learnwith.campusx.in/s/store
============================

📱 Grow with us:
CampusX' LinkedIn: https://www.linkedin.com/company/campusx-official
CampusX on Instagram for daily tips: https://www.instagram.com/campusx.official
My LinkedIn: https://www.linkedin.com/in/nitish-singh-03412789
Discord: https://discord.gg/PsWu8R87Z8
E-mail us at support@campusx.in",https://i.ytimg.com/vi/aEow1QoTLo0/maxresdefault.jpg,CampusX,220403,3893,118,1198,19.97,19:58,"19 Minutes, 58 Seconds",2021-06-02T14:30:02,https://www.youtube.com/watch?v=aEow1QoTLo0,"[#Education, #Engineering, #Campus, #Placement, #Skills, #Machine Learning, #Software, #Web Development, #Profile Building]",[],[support@campusx.in],"[https://discord.gg/PsWu8R87Z8, https://www.linkedin.com/company/campusx-official, https://github.com/campusx-official/100-days-of-machine-learning/tree/main/day55-regularized-linear-models, https://www.linkedin.com/in/nitish-singh-03412789, https://learnwith.campusx.in/s/store, https://www.instagram.com/campusx.official]"
Ridge Regression Part 2 | Mathematical Formulation & Code from scratch | Regularized Linear Models,"In the second part of our series, we break down the mathematical formulation of Ridge Regression and guide you through coding it from scratch. Explore the essence of Ridge Regression, a form of regularized linear models, and gain hands-on experience in implementing this advanced regression technique.

Code : https://github.com/campusx-official/100-days-of-machine-learning/tree/main/day55-regularized-linear-models

Matrix Differentiation : http://www.gatsby.ucl.ac.uk/teaching/courses/sntn/sntn-2017/resources/Matrix_derivatives_cribsheet.pdf

Videos to watch:
https://www.youtube.com/watch?v=dXHIDLPKdmA

https://www.youtube.com/watch?v=NU37mF5q8VE

Sklearn Ridge Class: https://scikit-learn.org/stable/modules/generated/sklearn.linear_model.Ridge.html

============================
Do you want to learn from me?
Check my affordable mentorship program at : https://learnwith.campusx.in/s/store
============================

📱 Grow with us:
CampusX' LinkedIn: https://www.linkedin.com/company/campusx-official
CampusX on Instagram for daily tips: https://www.instagram.com/campusx.official
My LinkedIn: https://www.linkedin.com/in/nitish-singh-03412789
Discord: https://discord.gg/PsWu8R87Z8
E-mail us at support@campusx.in

⌚Time Stamps⌚

00:00 - Intro
00:32 - Revision on Ridge Regression
12:27 - Code Demo
20:50 - Ridge Regression for N-Dimensional Data
33:46 - Coding ridge regression from scratch",https://i.ytimg.com/vi/oDlZBQjk_3A/maxresdefault.jpg,CampusX,129061,2900,172,2621,43.68,43:41,"43 Minutes, 41 Seconds",2021-06-03T14:30:05,https://www.youtube.com/watch?v=oDlZBQjk_3A,"[#Education, #Engineering, #Campus, #Placement, #Skills, #Machine Learning, #Software, #Web Development, #Profile Building]",[],[support@campusx.in],"[https://discord.gg/PsWu8R87Z8, https://www.linkedin.com/company/campusx-official, https://www.youtube.com/watch?v=NU37mF5q8VE, http://www.gatsby.ucl.ac.uk/teaching/courses/sntn/sntn-2017/resources/Matrix_derivatives_cribsheet.pdf, https://github.com/campusx-official/100-days-of-machine-learning/tree/main/day55-regularized-linear-models, https://learnwith.campusx.in/s/store, https://www.linkedin.com/in/nitish-singh-03412789, https://www.instagram.com/campusx.official, https://www.youtube.com/watch?v=dXHIDLPKdmA, https://scikit-learn.org/stable/modules/generated/sklearn.linear_model.Ridge.html]"
Ridge Regression Part 3 | Gradient Descent | Regularized Linear Models,"In the third installment of our series, we delve into Ridge Regression with a focus on Gradient Descent. Explore how this optimization technique plays a crucial role in implementing Ridge Regression, a powerful form of regularized linear models.

Code : https://github.com/campusx-official/100-days-of-machine-learning/tree/main/day55-regularized-linear-models

Matrix Differentiation : http://www.gatsby.ucl.ac.uk/teaching/courses/sntn/sntn-2017/resources/Matrix_derivatives_cribsheet.pdf

Videos to watch:
https://www.youtube.com/watch?v=NU37mF5q8VE

============================
Do you want to learn from me?
Check my affordable mentorship program at : https://learnwith.campusx.in/s/store
============================

📱 Grow with us:
CampusX' LinkedIn: https://www.linkedin.com/company/campusx-official
CampusX on Instagram for daily tips: https://www.instagram.com/campusx.official
My LinkedIn: https://www.linkedin.com/in/nitish-singh-03412789
Discord: https://discord.gg/PsWu8R87Z8
E-mail us at support@campusx.in",https://i.ytimg.com/vi/Fci_wwMp8G8/maxresdefault.jpg,CampusX,84759,2219,76,1123,18.72,18:43,"18 Minutes, 43 Seconds",2021-06-04T14:30:02,https://www.youtube.com/watch?v=Fci_wwMp8G8,"[#Education, #Engineering, #Campus, #Placement, #Skills, #Machine Learning, #Software, #Web Development, #Profile Building]",[],[support@campusx.in],"[https://discord.gg/PsWu8R87Z8, https://www.linkedin.com/company/campusx-official, https://www.youtube.com/watch?v=NU37mF5q8VE, http://www.gatsby.ucl.ac.uk/teaching/courses/sntn/sntn-2017/resources/Matrix_derivatives_cribsheet.pdf, https://github.com/campusx-official/100-days-of-machine-learning/tree/main/day55-regularized-linear-models, https://learnwith.campusx.in/s/store, https://www.linkedin.com/in/nitish-singh-03412789, https://www.instagram.com/campusx.official]"
5 Key Points - Ridge Regression | Part 4 | Regularized Linear Models,"In the final part of our Ridge Regression series we highlight 5 key points to solidify your understanding. Explore the essential takeaways that encapsulate the power and benefits of Ridge Regression, a valuable tool in the realm of regularized linear models.

Code used: https://github.com/campusx-official/100-days-of-machine-learning/tree/main/day55-regularized-linear-models

============================
Do you want to learn from me?
Check my affordable mentorship program at : https://learnwith.campusx.in/s/store
============================

📱 Grow with us:
CampusX' LinkedIn: https://www.linkedin.com/company/campusx-official
CampusX on Instagram for daily tips: https://www.instagram.com/campusx.official
My LinkedIn: https://www.linkedin.com/in/nitish-singh-03412789
Discord: https://discord.gg/PsWu8R87Z8
E-mail us at support@campusx.in

⌚Time Stamps⌚

00:00 - Intro
00:46 - 5 Key Understandings about Ridge Regression
02:11 -  How the coefficients get affected?
06:20 - Higher Values are impacted more
10:26 - Impact on Bias variance TradeOff
18:18 - Effect on the Loss Function
25:05 - Why Ridge Regression is called so?
29:23 - A Pratical Tip Apply Ridge Regression",https://i.ytimg.com/vi/8osKeShYVRQ/maxresdefault.jpg,CampusX,80275,2486,64,1817,30.28,30:17,"30 Minutes, 17 Seconds",2021-06-08T08:42:26,https://www.youtube.com/watch?v=8osKeShYVRQ,"[#Education, #Engineering, #Campus, #Placement, #Skills, #Machine Learning, #Software, #Web Development, #Profile Building]",[],[support@campusx.in],"[https://discord.gg/PsWu8R87Z8, https://www.linkedin.com/company/campusx-official, https://github.com/campusx-official/100-days-of-machine-learning/tree/main/day55-regularized-linear-models, https://www.linkedin.com/in/nitish-singh-03412789, https://learnwith.campusx.in/s/store, https://www.instagram.com/campusx.official]"
Lasso Regression | Intuition and Code Sample | Regularized Linear Models,"Learn Lasso Regression with this video, offering both intuitive insights and a practical code sample. Understand the key concepts behind Lasso Regression, a form of regularized linear models, and learn how to implement it in Python. Enhance your skills in handling complex relationships within your data.

Code Used: https://github.com/campusx-official/100-days-of-machine-learning/tree/main/day56-lasso-regression

============================
Do you want to learn from me?
Check my affordable mentorship program at : https://learnwith.campusx.in/s/store
============================

📱 Grow with us:
CampusX' LinkedIn: https://www.linkedin.com/company/campusx-official
CampusX on Instagram for daily tips: https://www.instagram.com/campusx.official
My LinkedIn: https://www.linkedin.com/in/nitish-singh-03412789
Discord: https://discord.gg/PsWu8R87Z8
E-mail us at support@campusx.in

⌚Time Stamps⌚

00:00 - Lasso Regression
04:27 - Code Implementation in SKLearn
12:21 - How are coefficients affected with Lambda and Alpha
15:38 - Higher Coefficients are affected more
18:45 - Impact of Lambda on Bias and Variance
23:21 - Effect of Regularization on Loss Function",https://i.ytimg.com/vi/HLF4bFbBgwk/maxresdefault.jpg,CampusX,103507,2636,72,1717,28.62,28:37,"28 Minutes, 37 Seconds",2021-06-10T14:30:03,https://www.youtube.com/watch?v=HLF4bFbBgwk,"[#Education, #Engineering, #Campus, #Placement, #Skills, #Machine Learning, #Software, #Web Development, #Profile Building]",[],[support@campusx.in],"[https://discord.gg/PsWu8R87Z8, https://www.linkedin.com/company/campusx-official, https://learnwith.campusx.in/s/store, https://www.linkedin.com/in/nitish-singh-03412789, https://www.instagram.com/campusx.official, https://github.com/campusx-official/100-days-of-machine-learning/tree/main/day56-lasso-regression]"
Why Lasso Regression creates sparsity?,"Ever wondered why Lasso Regression tends to create sparsity in your data? Join us in this exploration where we understand the concept in detail.

============================
Do you want to learn from me?
Check my affordable mentorship program at : https://learnwith.campusx.in/s/store
============================

📱 Grow with us:
CampusX' LinkedIn: https://www.linkedin.com/company/campusx-official
CampusX on Instagram for daily tips: https://www.instagram.com/campusx.official
My LinkedIn: https://www.linkedin.com/in/nitish-singh-03412789
Discord: https://discord.gg/PsWu8R87Z8
E-mail us at support@campusx.in",https://i.ytimg.com/vi/FN4aZPIAfI4/maxresdefault.jpg,CampusX,69425,2523,113,1470,24.5,24:30,"24 Minutes, 30 Seconds",2021-06-11T14:30:02,https://www.youtube.com/watch?v=FN4aZPIAfI4,"[#Education, #Engineering, #Campus, #Placement, #Skills, #Machine Learning, #Software, #Web Development, #Profile Building]",[],[support@campusx.in],"[https://discord.gg/PsWu8R87Z8, https://www.linkedin.com/company/campusx-official, https://learnwith.campusx.in/s/store, https://www.linkedin.com/in/nitish-singh-03412789, https://www.instagram.com/campusx.official]"
ElasticNet Regression | Intuition and Code Example | Regularized Linear Models,"Explore the versatility of ElasticNet Regression in this video, blending intuitive insights with a practical code example. Learn why ElasticNet combines the strengths of Lasso and Ridge Regression and how to implement it in Python.

Code used: https://github.com/campusx-official/100-days-of-machine-learning/tree/main/day57-elasticnet-regression

Sklearn documentation: https://scikit-learn.org/stable/modules/generated/sklearn.linear_model.ElasticNet.html

============================
Do you want to learn from me?
Check my affordable mentorship program at : https://learnwith.campusx.in/s/store
============================

📱 Grow with us:
CampusX' LinkedIn: https://www.linkedin.com/company/campusx-official
CampusX on Instagram for daily tips: https://www.instagram.com/campusx.official
My LinkedIn: https://www.linkedin.com/in/nitish-singh-03412789
Discord: https://discord.gg/PsWu8R87Z8
E-mail us at support@campusx.in",https://i.ytimg.com/vi/2g2DBkFhTTY/maxresdefault.jpg,CampusX,63032,2051,64,701,11.68,11:41,"11 Minutes, 41 Seconds",2021-06-12T14:30:01,https://www.youtube.com/watch?v=2g2DBkFhTTY,"[#Education, #Engineering, #Campus, #Placement, #Skills, #Machine Learning, #Software, #Web Development, #Profile Building]",[],[support@campusx.in],"[https://discord.gg/PsWu8R87Z8, https://www.linkedin.com/company/campusx-official, https://learnwith.campusx.in/s/store, https://github.com/campusx-official/100-days-of-machine-learning/tree/main/day57-elasticnet-regression, https://www.linkedin.com/in/nitish-singh-03412789, https://scikit-learn.org/stable/modules/generated/sklearn.linear_model.ElasticNet.html, https://www.instagram.com/campusx.official]"
Logistic Regression Part 1 | Perceptron Trick,"This is the first part of Logistic Regression. We'll kick things off by introducing the Perceptron Trick, a foundational concept that sets the stage for understanding how Logistic Regression works.

============================
Do you want to learn from me?
Check my affordable mentorship program at : https://learnwith.campusx.in/s/store
============================

📱 Grow with us:
CampusX' LinkedIn: https://www.linkedin.com/company/campusx-official
CampusX on Instagram for daily tips: https://www.instagram.com/campusx.official
My LinkedIn: https://www.linkedin.com/in/nitish-singh-03412789
Discord: https://discord.gg/PsWu8R87Z8
E-mail us at support@campusx.in

⌚Time Stamps⌚

00:00 - Intro
00:42 - What is Logistic Regression
02:36 - Prerequisite for Logistic Regression
05:07 - Perceptron Trick
14:56 - How to label regions?
18:15 - Transformations
30:44 - Algorithm
41:43 - Simplified Algorithm",https://i.ytimg.com/vi/XNXzVfItWGY/maxresdefault.jpg,CampusX,300990,5049,163,2826,47.1,47:06,"47 Minutes, 6 Seconds",2021-06-15T14:30:10,https://www.youtube.com/watch?v=XNXzVfItWGY,"[#Education, #Engineering, #Campus, #Placement, #Skills, #Machine Learning, #Software, #Web Development, #Profile Building]",[],[support@campusx.in],"[https://discord.gg/PsWu8R87Z8, https://www.linkedin.com/company/campusx-official, https://learnwith.campusx.in/s/store, https://www.linkedin.com/in/nitish-singh-03412789, https://www.instagram.com/campusx.official]"
Logistic Regression Part 2 | Perceptron Trick Code,"This is the second part of Logistic Regression. Follow the video until the end to understand the concept in detail.

Code - https://github.com/campusx-official/100-days-of-machine-learning/tree/main/day58-logistic-regression

============================
Do you want to learn from me?
Check my affordable mentorship program at : https://learnwith.campusx.in/s/store
============================

📱 Grow with us:
CampusX' LinkedIn: https://www.linkedin.com/company/campusx-official
CampusX on Instagram for daily tips: https://www.instagram.com/campusx.official
My LinkedIn: https://www.linkedin.com/in/nitish-singh-03412789
Discord: https://discord.gg/PsWu8R87Z8
E-mail us at support@campusx.in",https://i.ytimg.com/vi/tLezwPKvPK4/maxresdefault.jpg,CampusX,128211,2924,78,1027,17.12,17:07,"17 Minutes, 7 Seconds",2021-06-16T14:30:08,https://www.youtube.com/watch?v=tLezwPKvPK4,"[#Education, #Engineering, #Campus, #Placement, #Skills, #Machine Learning, #Software, #Web Development, #Profile Building]",[],[support@campusx.in],"[https://discord.gg/PsWu8R87Z8, https://www.linkedin.com/company/campusx-official, https://learnwith.campusx.in/s/store, https://www.linkedin.com/in/nitish-singh-03412789, https://github.com/campusx-official/100-days-of-machine-learning/tree/main/day58-logistic-regression, https://www.instagram.com/campusx.official]"
Logistic Regression Part 3 | Sigmoid Function | 100 Days of ML,"Explore the essential Sigmoid Function in the context of Logistic Regression. In this video, we'll break down the role and significance of the Sigmoid function, shedding light on how it transforms input into probabilities. 

Code used: https://github.com/campusx-official/100-days-of-machine-learning/tree/main/day58-logistic-regression

============================
Do you want to learn from me?
Check my affordable mentorship program at : https://learnwith.campusx.in/s/store
============================

📱 Grow with us:
CampusX' LinkedIn: https://www.linkedin.com/company/campusx-official
CampusX on Instagram for daily tips: https://www.instagram.com/campusx.official
My LinkedIn: https://www.linkedin.com/in/nitish-singh-03412789
Discord: https://discord.gg/PsWu8R87Z8
E-mail us at support@campusx.in

⌚Time Stamps⌚

00:00 - Intro
00:17 - Problem with perceptron
02:00 - The Solution
08:33 - Understanding the equation
15:55 - Sigmoid Function
27:02 - Impact of Sigmoid Function
38:20 - Code Demo",https://i.ytimg.com/vi/ehO0-6i9qD4/maxresdefault.jpg,CampusX,156559,3895,140,2444,40.73,40:44,"40 Minutes, 44 Seconds",2021-06-17T14:30:04,https://www.youtube.com/watch?v=ehO0-6i9qD4,"[#Education, #Engineering, #Campus, #Placement, #Skills, #Machine Learning, #Software, #Web Development, #Profile Building]",[],[support@campusx.in],"[https://discord.gg/PsWu8R87Z8, https://www.linkedin.com/company/campusx-official, https://learnwith.campusx.in/s/store, https://www.linkedin.com/in/nitish-singh-03412789, https://github.com/campusx-official/100-days-of-machine-learning/tree/main/day58-logistic-regression, https://www.instagram.com/campusx.official]"
Logistic Regression Part 4 | Loss Function | Maximum Likelihood | Binary Cross Entropy,"In this video, we'll explore the loss function, focusing on Maximum Likelihood and Binary Cross Entropy.

============================
Do you want to learn from me?
Check my affordable mentorship program at : https://learnwith.campusx.in/s/store
============================

📱 Grow with us:
CampusX' LinkedIn: https://www.linkedin.com/company/campusx-official
CampusX on Instagram for daily tips: https://www.instagram.com/campusx.official
My LinkedIn: https://www.linkedin.com/in/nitish-singh-03412789
Discord: https://discord.gg/PsWu8R87Z8
E-mail us at support@campusx.in

⌚Time Stamps⌚

00:00 - Intro
00:30 - The Problem
04:48 - Maximum Likelihood",https://i.ytimg.com/vi/6bXOo0sxY5c/maxresdefault.jpg,CampusX,134907,3568,120,1743,29.05,29:03,"29 Minutes, 3 Seconds",2021-06-18T14:30:04,https://www.youtube.com/watch?v=6bXOo0sxY5c,"[#Education, #Engineering, #Campus, #Placement, #Skills, #Machine Learning, #Software, #Web Development, #Profile Building]",[],[support@campusx.in],"[https://discord.gg/PsWu8R87Z8, https://www.linkedin.com/company/campusx-official, https://learnwith.campusx.in/s/store, https://www.linkedin.com/in/nitish-singh-03412789, https://www.instagram.com/campusx.official]"
Derivative of Sigmoid Function,"In this video, we'll simplify the mathematics, making it easy to understand how to calculate the derivative of the Sigmoid function.

============================
Do you want to learn from me?
Check my affordable mentorship program at : https://learnwith.campusx.in/s/store
============================

📱 Grow with us:
CampusX' LinkedIn: https://www.linkedin.com/company/campusx-official
CampusX on Instagram for daily tips: https://www.instagram.com/campusx.official
My LinkedIn: https://www.linkedin.com/in/nitish-singh-03412789
Discord: https://discord.gg/PsWu8R87Z8
E-mail us at support@campusx.in",https://i.ytimg.com/vi/awjXaFR1jOM/maxresdefault.jpg,CampusX,71074,1690,26,357,5.95,5:57,"5 Minutes, 57 Seconds",2021-06-19T09:49:04,https://www.youtube.com/watch?v=awjXaFR1jOM,"[#Education, #Engineering, #Campus, #Placement, #Skills, #Machine Learning, #Software, #Web Development, #Profile Building]",[],[support@campusx.in],"[https://discord.gg/PsWu8R87Z8, https://www.linkedin.com/company/campusx-official, https://learnwith.campusx.in/s/store, https://www.linkedin.com/in/nitish-singh-03412789, https://www.instagram.com/campusx.official]"
Logistic Regression Part 5 | Gradient Descent & Code From Scratch,"In this video, we'll explore Gradient Descent and guide you through coding Logistic Regression from scratch. Join us on this hands-on journey to implement and understand the core optimization technique for Logistic Regression models

Code : https://github.com/campusx-official/100-days-of-machine-learning/tree/main/day58-logistic-regression

============================
Do you want to learn from me?
Check my affordable mentorship program at : https://learnwith.campusx.in/s/store
============================

📱 Grow with us:
CampusX' LinkedIn: https://www.linkedin.com/company/campusx-official
CampusX on Instagram for daily tips: https://www.instagram.com/campusx.official
My LinkedIn: https://www.linkedin.com/in/nitish-singh-03412789
Discord: https://discord.gg/PsWu8R87Z8
E-mail us at support@campusx.in

⌚Time Stamps⌚

00:00 - Intro
00:36 - Gradient Descent
12:58 - Loss function in Matrix Form
28:23 - Code Demo",https://i.ytimg.com/vi/ABrrSwMYWSg/maxresdefault.jpg,CampusX,118034,3125,160,2202,36.7,36:42,"36 Minutes, 42 Seconds",2021-06-21T14:30:01,https://www.youtube.com/watch?v=ABrrSwMYWSg,"[#Education, #Engineering, #Campus, #Placement, #Skills, #Machine Learning, #Software, #Web Development, #Profile Building]",[],[support@campusx.in],"[https://discord.gg/PsWu8R87Z8, https://www.linkedin.com/company/campusx-official, https://learnwith.campusx.in/s/store, https://www.linkedin.com/in/nitish-singh-03412789, https://github.com/campusx-official/100-days-of-machine-learning/tree/main/day58-logistic-regression, https://www.instagram.com/campusx.official]"
Accuracy and Confusion Matrix | Type 1 and Type 2 Errors | Classification Metrics Part 1,"In this video. we'll explore accuracy and the confusion matrix, unraveling the concepts of Type 1 and Type 2 errors. Join us on this journey to understand how these metrics play a crucial role in evaluating the performance of classification models.

Code used: https://github.com/campusx-official/100-days-of-machine-learning/tree/main/day59-classification-metrics

============================
Do you want to learn from me?
Check my affordable mentorship program at : https://learnwith.campusx.in/s/store
============================

📱 Grow with us:
CampusX' LinkedIn: https://www.linkedin.com/company/campusx-official
CampusX on Instagram for daily tips: https://www.instagram.com/campusx.official
My LinkedIn: https://www.linkedin.com/in/nitish-singh-03412789
Discord: https://discord.gg/PsWu8R87Z8
E-mail us at support@campusx.in

⌚Time Stamps⌚

00:00 - Intro
00:46 - Accuracy
06:25 - Code Example using SKL
08:35 - Accuracy of multi-classification problem
10:18 - How much accuracy is good?
13:16 - The problem with Accuracy Score
15:30 - Confusion Matrix
23:15 - Type 1 Error
25:53 - Confusion Matrix for Multi Classification Problem
30:03 - When is accuracy misleading?",https://i.ytimg.com/vi/c09drtuCS3c/maxresdefault.jpg,CampusX,155831,3274,72,2048,34.13,34:08,"34 Minutes, 8 Seconds",2021-06-23T14:30:05,https://www.youtube.com/watch?v=c09drtuCS3c,"[#Education, #Engineering, #Campus, #Placement, #Skills, #Machine Learning, #Software, #Web Development, #Profile Building]",[],[support@campusx.in],"[https://discord.gg/PsWu8R87Z8, https://www.linkedin.com/company/campusx-official, https://learnwith.campusx.in/s/store, https://www.linkedin.com/in/nitish-singh-03412789, https://www.instagram.com/campusx.official, https://github.com/campusx-official/100-days-of-machine-learning/tree/main/day59-classification-metrics]"
"Precision, Recall and F1 Score | Classification Metrics Part 2","Precision, Recall, and F1 Score | Classification Metrics Part 2: Explore advanced classification metrics in this video. We'll delve into precision, recall, and the F1 score, providing insights into their roles in assessing model performance.

Code used: https://github.com/campusx-official/100-days-of-machine-learning/tree/main/day59-classification-metrics

============================
Do you want to learn from me?
Check my affordable mentorship program at : https://learnwith.campusx.in/s/store
============================

📱 Grow with us:
CampusX' LinkedIn: https://www.linkedin.com/company/campusx-official
CampusX on Instagram for daily tips: https://www.instagram.com/campusx.official
My LinkedIn: https://www.linkedin.com/in/nitish-singh-03412789
Discord: https://discord.gg/PsWu8R87Z8
E-mail us at support@campusx.in

⌚Time Stamps⌚

00:00 - Intro
00:42 - When is accuracy misleading?
02:44 - Precision
08:53 - Recall
13:47 - F1 Score
19:40 - Calculating Recall,Precision,F1 score using SKLearn
21:35 - Multi-Class precision and recall
38:50 - mnist Code Example",https://i.ytimg.com/vi/iK-kdhJ-7yI/maxresdefault.jpg,CampusX,132885,3672,131,2562,42.7,42:42,"42 Minutes, 42 Seconds",2021-06-24T14:30:16,https://www.youtube.com/watch?v=iK-kdhJ-7yI,"[#Education, #Engineering, #Campus, #Placement, #Skills, #Machine Learning, #Software, #Web Development, #Profile Building]",[],[support@campusx.in],"[https://discord.gg/PsWu8R87Z8, https://www.linkedin.com/company/campusx-official, https://learnwith.campusx.in/s/store, https://www.linkedin.com/in/nitish-singh-03412789, https://www.instagram.com/campusx.official, https://github.com/campusx-official/100-days-of-machine-learning/tree/main/day59-classification-metrics]"
ROC Curve in Machine Learning | ROC-AUC in Machine Learning Simplified | CampusX,"Curious about ROC Curve and ROC-AUC in machine learning but finding it confusing? This video is here to simplify these concepts for you.

💡 Why It Matters in ML:
ROC Curve and ROC-AUC are like a report card for our machine learning models, showing us how well they perform.

🔗 Resources: 
Code - https://colab.research.google.com/drive/1nPPKRtmtoVf-GNEpJVAHmEQhXNwXOlXV?usp=sharing

Notebook PDF : https://drive.google.com/file/d/1Ql1vwGgDfPy7b5nXQPqtRltpyx1NUGHT/view?usp=sharing

============================
Do you want to learn from me?
Check my affordable mentorship program at : https://learnwith.campusx.in
============================

📱 Grow with us:
CampusX' LinkedIn: https://www.linkedin.com/company/campusx-official
CampusX on Instagram for daily tips: https://www.instagram.com/campusx.official
My LinkedIn: https://www.linkedin.com/in/nitish-singh-03412789
Discord: https://discord.gg/PsWu8R87Z8

👍If you find this video helpful, consider giving it a thumbs up and subscribing for more educational videos on data science!

💭Share your thoughts, experiences, or questions in the comments below. I love hearing from you!

⌚Time Stamps⌚

00:00 - Intro
01:15 - Why ROC Curve?
16:05 - Confusion Matrix
20:57 - True Positive Rate (TPR) - Benefit
28:05 - False Positive Rate (FPR) - Cost
38:12 - ROC Curve
43:12 - Different Cases
01:01:28 - Code Example
01:05:37 - AUC/ROC

✨ Hashtags✨
#MachineLearningBasics #ROCCurveExplained #ROCAUCinML #SimplifiedTech #LearnWithData",https://i.ytimg.com/vi/gdW6hj9IXaA/maxresdefault.jpg,CampusX,108231,3556,290,4275,71.25,1:11:15,"1 Hours, 11 Minutes, 15 Seconds",2023-06-07T14:30:11,https://www.youtube.com/watch?v=gdW6hj9IXaA,"[#Education, #Engineering, #Campus, #Placement, #Skills, #Machine Learning, #Software, #Web Development, #Profile Building]","[#ROCAUCinML, #ROCCurveExplained, #SimplifiedTech, #MachineLearningBasics, #LearnWithData]",[],"[https://discord.gg/PsWu8R87Z8, https://www.linkedin.com/company/campusx-official, https://learnwith.campusx.in, https://www.linkedin.com/in/nitish-singh-03412789, https://drive.google.com/file/d/1Ql1vwGgDfPy7b5nXQPqtRltpyx1NUGHT/view?usp=sharing, https://www.instagram.com/campusx.official, https://colab.research.google.com/drive/1nPPKRtmtoVf-GNEpJVAHmEQhXNwXOlXV?usp=sharing]"
Softmax Regression || Multinomial Logistic Regression || Logistic Regression Part 6,"Softmax Regression, also known as Multinomial Logistic Regression, is an extension of logistic regression to handle multiple classes. It computes the probabilities of each class and selects the one with the highest probability as the predicted class. Softmax activation ensures that the predicted probabilities sum up to 1, providing a robust framework for multiclass classification tasks.

Code used: https://github.com/campusx-official/100-days-of-machine-learning/tree/main/day60-logistic-regression-contd

============================
Do you want to learn from me?
Check my affordable mentorship program at : https://learnwith.campusx.in/s/store
============================

📱 Grow with us:
CampusX' LinkedIn: https://www.linkedin.com/company/campusx-official
CampusX on Instagram for daily tips: https://www.instagram.com/campusx.official
My LinkedIn: https://www.linkedin.com/in/nitish-singh-03412789
Discord: https://discord.gg/PsWu8R87Z8
E-mail us at support@campusx.in

⌚Time Stamps⌚

00:00 - Intro
00:55 - Softmax Regression
08:20 - Training Intuition
14:53 - Prediction
19:58 - Loss Function
34:30 - Softmax Demo in SKlearn",https://i.ytimg.com/vi/Z8noL_0M4tw/maxresdefault.jpg,CampusX,109960,2827,68,2301,38.35,38:21,"38 Minutes, 21 Seconds",2021-06-28T14:30:03,https://www.youtube.com/watch?v=Z8noL_0M4tw,"[#Education, #Engineering, #Campus, #Placement, #Skills, #Machine Learning, #Software, #Web Development, #Profile Building]",[],[support@campusx.in],"[https://discord.gg/PsWu8R87Z8, https://www.linkedin.com/company/campusx-official, https://learnwith.campusx.in/s/store, https://www.linkedin.com/in/nitish-singh-03412789, https://github.com/campusx-official/100-days-of-machine-learning/tree/main/day60-logistic-regression-contd, https://www.instagram.com/campusx.official]"
Polynomial Features in Logistic Regression | Non Linear Logistic Regression | Logistic Regression 7,"In logistic regression, polynomial features involve transforming the input features into higher-degree polynomials. This helps capture more complex relationships between variables, potentially improving the model's ability to fit non-linear patterns in the data. Polynomial features are a powerful tool in logistic regression for handling intricate decision boundaries and enhancing predictive performance.

Intro to Polynomial Features: https://www.youtube.com/watch?v=BNWLf3cKdbQ

Code used: https://github.com/campusx-official/100-days-of-machine-learning/tree/main/day60-logistic-regression-contd

============================
Do you want to learn from me?
Check my affordable mentorship program at : https://learnwith.campusx.in/s/store
============================

📱 Grow with us:
CampusX' LinkedIn: https://www.linkedin.com/company/campusx-official
CampusX on Instagram for daily tips: https://www.instagram.com/campusx.official
My LinkedIn: https://www.linkedin.com/in/nitish-singh-03412789
Discord: https://discord.gg/PsWu8R87Z8
E-mail us at support@campusx.in",https://i.ytimg.com/vi/WnBYW_DX3sM/maxresdefault.jpg,CampusX,57614,1903,41,551,9.18,9:11,"9 Minutes, 11 Seconds",2021-06-29T14:30:05,https://www.youtube.com/watch?v=WnBYW_DX3sM,"[#Education, #Engineering, #Campus, #Placement, #Skills, #Machine Learning, #Software, #Web Development, #Profile Building]",[],[support@campusx.in],"[https://discord.gg/PsWu8R87Z8, https://www.linkedin.com/company/campusx-official, https://learnwith.campusx.in/s/store, https://www.linkedin.com/in/nitish-singh-03412789, https://www.youtube.com/watch?v=BNWLf3cKdbQ, https://github.com/campusx-official/100-days-of-machine-learning/tree/main/day60-logistic-regression-contd, https://www.instagram.com/campusx.official]"
Logistic Regression Hyperparameters || Logistic Regression Part 8,"Logistic Regression hyperparameters are parameters that are set before the training process and influence the model's performance. Key hyperparameters include 'C' for regularization strength, 'solver' for optimization algorithm, and 'max_iter' for the maximum number of iterations. Fine-tuning these hyperparameters is crucial for achieving optimal Logistic Regression model performance on specific datasets.

Code used : https://github.com/campusx-official/100-days-of-machine-learning/tree/main/day60-logistic-regression-contd

Links: 
https://scikit-learn.org/stable/modules/generated/sklearn.linear_model.LogisticRegression.html
https://scikit-learn.org/stable/modules/linear_model.html#logistic-regression

============================
Do you want to learn from me?
Check my affordable mentorship program at : https://learnwith.campusx.in/s/store
============================

📱 Grow with us:
CampusX' LinkedIn: https://www.linkedin.com/company/campusx-official
CampusX on Instagram for daily tips: https://www.instagram.com/campusx.official
My LinkedIn: https://www.linkedin.com/in/nitish-singh-03412789
Discord: https://discord.gg/PsWu8R87Z8
E-mail us at support@campusx.in",https://i.ytimg.com/vi/ay_OcblJasE/maxresdefault.jpg,CampusX,69220,1796,43,787,13.12,13:07,"13 Minutes, 7 Seconds",2021-06-30T14:30:00,https://www.youtube.com/watch?v=ay_OcblJasE,"[#Education, #Engineering, #Campus, #Placement, #Skills, #Machine Learning, #Software, #Web Development, #Profile Building]",[#logistic],[support@campusx.in],"[https://discord.gg/PsWu8R87Z8, https://www.linkedin.com/company/campusx-official, https://learnwith.campusx.in/s/store, https://www.linkedin.com/in/nitish-singh-03412789, https://github.com/campusx-official/100-days-of-machine-learning/tree/main/day60-logistic-regression-contd, https://www.instagram.com/campusx.official, https://scikit-learn.org/stable/modules/linear_model.html#logistic-regression, https://scikit-learn.org/stable/modules/generated/sklearn.linear_model.LogisticRegression.html]"
Naive Bayes Classifier | Part 1 | Conditional Probability,"In this video, we will learn the concept of conditional probability About CampusX:

CampusX is an online mentorship program for engineering students. We offer a 6-month long mentorship to students in the latest cutting - edge technologies like Machine Learning, Python, Web Development, and Deep Learning & Neural networks.

At its core, CampusX aims to change this education system of India. We believe that high-quality education is not just for the privileged few. It is the right of everyone who seeks it. Through our mentorship program, we aim to bring quality education to every single student. A mentored student is provided with guidance on how to ace a technology through 24x7 mentorship, live and recorded video lectures, daily skill-building activities, project assignments, and evaluation, hackathons, interactions with industry experts, soft skill training, personal counseling, and comprehensive reports. All we need from you is intent, a ray of passion to learn. 

Connect with us:

Website: http://www.campusx.in

Medium Blog: https://medium.com/campusx

Facebook: https://www.facebook.com/campusx.official

Linkedin: linkedin.com/company/campusx-official

Instagram: https://www.instagram.com/campusx.official/

Github: https://github.com/campusx-official

Email: support@campusx.in",https://i.ytimg.com/vi/Ty7knppVo9E/sddefault.jpg,CampusX,137197,2183,48,566,9.43,9:26,"9 Minutes, 26 Seconds",2020-03-14T18:39:43,https://www.youtube.com/watch?v=Ty7knppVo9E,[],[],[support@campusx.in],"[https://github.com/campusx-official, https://www.instagram.com/campusx.official/, https://medium.com/campusx, https://www.facebook.com/campusx.official, http://www.campusx.in]"
Naive Bayes Classifier | Part 2 | Independent Events in Probability,"In this video, we will learn about independent events in probability About CampusX:

CampusX is an online mentorship program for engineering students. We offer a 6-month long mentorship to students in the latest cutting - edge technologies like Machine Learning, Python, Web Development, and Deep Learning & Neural networks.

At its core, CampusX aims to change this education system of India. We believe that high-quality education is not just for the privileged few. It is the right of everyone who seeks it. Through our mentorship program, we aim to bring quality education to every single student. A mentored student is provided with guidance on how to ace a technology through 24x7 mentorship, live and recorded video lectures, daily skill-building activities, project assignments, and evaluation, hackathons, interactions with industry experts, soft skill training, personal counseling, and comprehensive reports. All we need from you is intent, a ray of passion to learn. 

Connect with us:

Website: http://www.campusx.in

Medium Blog: https://medium.com/campusx

Facebook: https://www.facebook.com/campusx.official

Linkedin: linkedin.com/company/campusx-official

Instagram: https://www.instagram.com/campusx.official/

Github: https://github.com/campusx-official

Email: support@campusx.in",https://i.ytimg.com/vi/0GD480CnrO4/sddefault.jpg,CampusX,59312,1407,12,479,7.98,7:59,"7 Minutes, 59 Seconds",2020-03-14T19:04:13,https://www.youtube.com/watch?v=0GD480CnrO4,[],[],[support@campusx.in],"[https://github.com/campusx-official, https://www.instagram.com/campusx.official/, https://medium.com/campusx, https://www.facebook.com/campusx.official, http://www.campusx.in]"
Naive Bayes Classifier | Part 3 | Mutually Exclusive Events,"In this video, we will learn about Mutually Exclusive Events in Probability About CampusX:

CampusX is an online mentorship program for engineering students. We offer a 6-month long mentorship to students in the latest cutting - edge technologies like Machine Learning, Python, Web Development, and Deep Learning & Neural networks.

At its core, CampusX aims to change this education system of India. We believe that high-quality education is not just for the privileged few. It is the right of everyone who seeks it. Through our mentorship program, we aim to bring quality education to every single student. A mentored student is provided with guidance on how to ace a technology through 24x7 mentorship, live and recorded video lectures, daily skill-building activities, project assignments, and evaluation, hackathons, interactions with industry experts, soft skill training, personal counseling, and comprehensive reports. All we need from you is intent, a ray of passion to learn. 

Connect with us:

Website: http://www.campusx.in

Medium Blog: https://medium.com/campusx

Facebook: https://www.facebook.com/campusx.official

Linkedin: linkedin.com/company/campusx-official

Instagram: https://www.instagram.com/campusx.official/

Github: https://github.com/campusx-official

Email: support@campusx.in",https://i.ytimg.com/vi/nneTjTYikBE/sddefault.jpg,CampusX,49317,1010,9,109,1.82,1:49,"1 Minutes, 49 Seconds",2020-03-14T19:07:51,https://www.youtube.com/watch?v=nneTjTYikBE,[],[],[support@campusx.in],"[https://github.com/campusx-official, https://www.instagram.com/campusx.official/, https://medium.com/campusx, https://www.facebook.com/campusx.official, http://www.campusx.in]"
Naive Bayes Classifier | Part 4 | Bayes Theorem in Probability,"In this video, we will learn Bayes theorem About CampusX:

CampusX is an online mentorship program for engineering students. We offer a 6-month long mentorship to students in the latest cutting - edge technologies like Machine Learning, Python, Web Development, and Deep Learning & Neural networks.

At its core, CampusX aims to change this education system of India. We believe that high-quality education is not just for the privileged few. It is the right of everyone who seeks it. Through our mentorship program, we aim to bring quality education to every single student. A mentored student is provided with guidance on how to ace a technology through 24x7 mentorship, live and recorded video lectures, daily skill-building activities, project assignments, and evaluation, hackathons, interactions with industry experts, soft skill training, personal counseling, and comprehensive reports. All we need from you is intent, a ray of passion to learn. 

Connect with us:

Website: http://www.campusx.in

Medium Blog: https://medium.com/campusx

Facebook: https://www.facebook.com/campusx.official

Linkedin: linkedin.com/company/campusx-official

Instagram: https://www.instagram.com/campusx.official/

Github: https://github.com/campusx-official

Email: support@campusx.in",https://i.ytimg.com/vi/Oqw-v-Z7PuU/sddefault.jpg,CampusX,52160,1296,12,267,4.45,4:27,"4 Minutes, 27 Seconds",2020-03-14T19:21:02,https://www.youtube.com/watch?v=Oqw-v-Z7PuU,[],[],[support@campusx.in],"[https://github.com/campusx-official, https://www.instagram.com/campusx.official/, https://medium.com/campusx, https://www.facebook.com/campusx.official, http://www.campusx.in]"
Naive Bayes Classifier | Part 5 | Problem based upon Bayes Theorem,"In this video, we will tackle a problem based on Bayes Theorem About CampusX:

CampusX is an online mentorship program for engineering students. We offer a 6-month long mentorship to students in the latest cutting - edge technologies like Machine Learning, Python, Web Development, and Deep Learning & Neural networks.

At its core, CampusX aims to change this education system of India. We believe that high-quality education is not just for the privileged few. It is the right of everyone who seeks it. Through our mentorship program, we aim to bring quality education to every single student. A mentored student is provided with guidance on how to ace a technology through 24x7 mentorship, live and recorded video lectures, daily skill-building activities, project assignments, and evaluation, hackathons, interactions with industry experts, soft skill training, personal counseling, and comprehensive reports. All we need from you is intent, a ray of passion to learn. 

Connect with us:

Website: http://www.campusx.in

Medium Blog: https://medium.com/campusx

Facebook: https://www.facebook.com/campusx.official

Linkedin: linkedin.com/company/campusx-official

Instagram: https://www.instagram.com/campusx.official/

Github: https://github.com/campusx-official

Email: support@campusx.in",https://i.ytimg.com/vi/aAEHjXDHtbE/sddefault.jpg,CampusX,56346,1373,36,540,9,9:00,"9 Minutes, 0 Seconds",2020-03-14T19:38:59,https://www.youtube.com/watch?v=aAEHjXDHtbE,[],[],[support@campusx.in],"[https://github.com/campusx-official, https://www.instagram.com/campusx.official/, https://medium.com/campusx, https://www.facebook.com/campusx.official, http://www.campusx.in]"
Naive Bayes Classifier | Part 6 | Intuition,"In this video, we will learn about the basic fundamental logic of Naive Bayes algorithm About CampusX:

CampusX is an online mentorship program for engineering students. We offer a 6-month long mentorship to students in the latest cutting - edge technologies like Machine Learning, Python, Web Development, and Deep Learning & Neural networks.

At its core, CampusX aims to change this education system of India. We believe that high-quality education is not just for the privileged few. It is the right of everyone who seeks it. Through our mentorship program, we aim to bring quality education to every single student. A mentored student is provided with guidance on how to ace a technology through 24x7 mentorship, live and recorded video lectures, daily skill-building activities, project assignments, and evaluation, hackathons, interactions with industry experts, soft skill training, personal counseling, and comprehensive reports. All we need from you is intent, a ray of passion to learn. 

Connect with us:

Website: http://www.campusx.in

Medium Blog: https://medium.com/campusx

Facebook: https://www.facebook.com/campusx.official

Linkedin: linkedin.com/company/campusx-official

Instagram: https://www.instagram.com/campusx.official/

Github: https://github.com/campusx-official

Email: support@campusx.in",https://i.ytimg.com/vi/ZR1_QtLk_4U/sddefault.jpg,CampusX,60926,1686,35,884,14.73,14:44,"14 Minutes, 44 Seconds",2020-03-14T20:17:23,https://www.youtube.com/watch?v=ZR1_QtLk_4U,[],[],[support@campusx.in],"[https://github.com/campusx-official, https://www.instagram.com/campusx.official/, https://medium.com/campusx, https://www.facebook.com/campusx.official, http://www.campusx.in]"
Naive Bayes Classifier | Part 7 | Mathematics behind Naive Bayes Algorithm,"In this video, we will derive the formula for Naive Bayes algorithm About CampusX:

CampusX is an online mentorship program for engineering students. We offer a 6-month long mentorship to students in the latest cutting - edge technologies like Machine Learning, Python, Web Development, and Deep Learning & Neural networks.

At its core, CampusX aims to change this education system of India. We believe that high-quality education is not just for the privileged few. It is the right of everyone who seeks it. Through our mentorship program, we aim to bring quality education to every single student. A mentored student is provided with guidance on how to ace a technology through 24x7 mentorship, live and recorded video lectures, daily skill-building activities, project assignments, and evaluation, hackathons, interactions with industry experts, soft skill training, personal counseling, and comprehensive reports. All we need from you is intent, a ray of passion to learn. 

Connect with us:

Website: http://www.campusx.in

Medium Blog: https://medium.com/campusx

Facebook: https://www.facebook.com/campusx.official

Linkedin: linkedin.com/company/campusx-official

Instagram: https://www.instagram.com/campusx.official/

Github: https://github.com/campusx-official

Email: support@campusx.in",https://i.ytimg.com/vi/2PVRG45eVrY/sddefault.jpg,CampusX,56817,1655,33,1149,19.15,19:09,"19 Minutes, 9 Seconds",2020-03-14T21:03:21,https://www.youtube.com/watch?v=2PVRG45eVrY,[],[],[support@campusx.in],"[https://github.com/campusx-official, https://www.instagram.com/campusx.official/, https://medium.com/campusx, https://www.facebook.com/campusx.official, http://www.campusx.in]"
Naive Bayes Classifier | Part 8 | Simple Example Code,"In this video, we will write a simple code on a toy dataset

Dataset used: https://www.kaggle.com/fredericobreno/play-tennis About CampusX:

CampusX is an online mentorship program for engineering students. We offer a 6-month long mentorship to students in the latest cutting - edge technologies like Machine Learning, Python, Web Development, and Deep Learning & Neural networks.

At its core, CampusX aims to change this education system of India. We believe that high-quality education is not just for the privileged few. It is the right of everyone who seeks it. Through our mentorship program, we aim to bring quality education to every single student. A mentored student is provided with guidance on how to ace a technology through 24x7 mentorship, live and recorded video lectures, daily skill-building activities, project assignments, and evaluation, hackathons, interactions with industry experts, soft skill training, personal counseling, and comprehensive reports. All we need from you is intent, a ray of passion to learn. 

Connect with us:

Website: http://www.campusx.in

Medium Blog: https://medium.com/campusx

Facebook: https://www.facebook.com/campusx.official

Linkedin: linkedin.com/company/campusx-official

Instagram: https://www.instagram.com/campusx.official/

Github: https://github.com/campusx-official

Email: support@campusx.in",https://i.ytimg.com/vi/DeeWsqoY4Eo/sddefault.jpg,CampusX,52035,1422,25,963,16.05,16:03,"16 Minutes, 3 Seconds",2020-03-14T20:13:58,https://www.youtube.com/watch?v=DeeWsqoY4Eo,[],[],[support@campusx.in],"[https://github.com/campusx-official, https://www.kaggle.com/fredericobreno/play-tennis, https://www.instagram.com/campusx.official/, https://medium.com/campusx, https://www.facebook.com/campusx.official, http://www.campusx.in]"
Naive Bayes Part 9 | Handling Numerical Data,"In this video, we will learn how the Naive Bayes handles Numerical data. About CampusX:

CampusX is an online mentorship program for engineering students. We offer a 6-month long mentorship to students in the latest cutting - edge technologies like Machine Learning, Python, Web Development, and Deep Learning & Neural networks.

At its core, CampusX aims to change this education system of India. We believe that high-quality education is not just for the privileged few. It is the right of everyone who seeks it. Through our mentorship program, we aim to bring quality education to every single student. A mentored student is provided with guidance on how to ace a technology through 24x7 mentorship, live and recorded video lectures, daily skill-building activities, project assignments, and evaluation, hackathons, interactions with industry experts, soft skill training, personal counseling, and comprehensive reports. All we need from you is intent, a ray of passion to learn. 

Connect with us:

Website: http://www.campusx.in

Medium Blog: https://medium.com/campusx

Facebook: https://www.facebook.com/campusx.official

Linkedin: linkedin.com/company/campusx-official

Instagram: https://www.instagram.com/campusx.official/

Github: https://github.com/campusx-official

Email: support@campusx.in",https://i.ytimg.com/vi/TCgK2nBJx9o/sddefault.jpg,CampusX,45618,1383,24,527,8.78,8:47,"8 Minutes, 47 Seconds",2020-04-27T05:38:31,https://www.youtube.com/watch?v=TCgK2nBJx9o,[],[],[support@campusx.in],"[https://github.com/campusx-official, https://www.instagram.com/campusx.official/, https://medium.com/campusx, https://www.facebook.com/campusx.official, http://www.campusx.in]"
What is K Nearest Neighbors? | KNN Explained in Hindi | Simple Overview in 1 Video | CampusX,"Curious about K Nearest Neighbors (KNN) in the world of machine learning? This video is your easy-to-follow guide, breaking down KNN without the techy jargon.

🌟 Basic Concept: Imagine finding friends in your neighborhood; KNN works kind of like that in the machine learning world.

🤖 How It Works: We'll simplify the process of classifying data points based on their closest neighbors.

🚀 Practical Applications: See where KNN shines and how it's used in real-world scenarios.

💡 Why It's Cool:
KNN is like having a reliable buddy system for making predictions in machine learning. It's simple but powerful!

🔗 Resources:
Code - https://www.kaggle.com/code/campusx/knn-on-breast-cancer-dataset

Coding from scratch - https://www.youtube.com/watch?v=ER9TckLET8g&ab_channel=CampusX

KNN Task: https://colab.research.google.com/drive/19RMdVeUX18KMnvDBpMWHMR9YvavlTFf7?usp=sharing

Solution: https://colab.research.google.com/drive/13y3NkXBnB646J1CAeIksFRKJQCYO3GbT?usp=sharing

============================
Do you want to learn from me?
Check my affordable mentorship program at : https://learnwith.campusx.in
============================

📱 Grow with us:
CampusX' LinkedIn: https://www.linkedin.com/company/campusx-official
CampusX on Instagram for daily tips: https://www.instagram.com/campusx.official
My LinkedIn: https://www.linkedin.com/in/nitish-singh-03412789
Discord: https://discord.gg/PsWu8R87Z8

👍If you find this video helpful, consider giving it a thumbs up and subscribing for more educational videos on data science!

💭Share your thoughts, experiences, or questions in the comments below. I love hearing from you!

⌚Time Stamps⌚

00:00 - Intro
01:04 - KNN Intuition
08:26 - KNN on breast cancer dataset / Code Example
17:35 - How to select K?
23:28 - Decision Surface
29:58 - Overfitting and Underfitting in KNN
39:08 - Limitations of KNN
51:48 - Outro

✨ Hashtags✨
#KNNExplained #MachineLearningBasics #SimplifiedTech #LearnWithData #EasyMachineLearning",https://i.ytimg.com/vi/abnL_GUGub4/maxresdefault.jpg,CampusX,156198,4355,99,3121,52.02,52:01,"52 Minutes, 1 Seconds",2023-05-23T16:00:11,https://www.youtube.com/watch?v=abnL_GUGub4,"[#Education, #Engineering, #Campus, #Placement, #Skills, #Machine Learning, #Software, #Web Development, #Profile Building]","[#EasyMachineLearning, #SimplifiedTech, #MachineLearningBasics, #LearnWithData, #KNNExplained]",[],"[https://discord.gg/PsWu8R87Z8, https://www.linkedin.com/company/campusx-official, https://colab.research.google.com/drive/13y3NkXBnB646J1CAeIksFRKJQCYO3GbT?usp=sharing, https://learnwith.campusx.in, https://www.linkedin.com/in/nitish-singh-03412789, https://www.youtube.com/watch?v=ER9TckLET8g&ab_channel=CampusX, https://www.kaggle.com/code/campusx/knn-on-breast-cancer-dataset, https://www.instagram.com/campusx.official, https://colab.research.google.com/drive/19RMdVeUX18KMnvDBpMWHMR9YvavlTFf7?usp=sharing]"
Support Vector Machines | Geometric Intuition,"Like my content? Consider supporting the channel. The link is provided below-
https://campusx.mojo.page/support-campusx",https://i.ytimg.com/vi/ugTxMLjLS8M/maxresdefault.jpg,CampusX,243151,4616,71,706,11.77,11:46,"11 Minutes, 46 Seconds",2020-07-10T01:54:27,https://www.youtube.com/watch?v=ugTxMLjLS8M,[],[],[],[https://campusx.mojo.page/support-campusx]
Mathematics of SVM | Support Vector Machines | Hard margin SVM,Created by InShot:https://inshotapp.com/share/youtube.html,https://i.ytimg.com/vi/yCAlHPDgWtM/maxresdefault.jpg,CampusX,191909,4613,202,2094,34.9,34:54,"34 Minutes, 54 Seconds",2020-07-10T01:55:41,https://www.youtube.com/watch?v=yCAlHPDgWtM,[#InShot],[],[],[https://inshotapp.com/share/youtube.html]
Mathematics of Support Vector Machine | Soft Margin SVM,"Like my content? Consider supporting the channel. The link is provided below-
https://campusx.mojo.page/support-campusx",https://i.ytimg.com/vi/utqrvIFAE1k/maxresdefault.jpg,CampusX,113854,2924,65,878,14.63,14:38,"14 Minutes, 38 Seconds",2020-08-07T05:50:18,https://www.youtube.com/watch?v=utqrvIFAE1k,[],[],[],[https://campusx.mojo.page/support-campusx]
Kernel Trick in SVM | Geometric Intuition,"Like my content? Consider supporting the channel. The link is provided below-
https://campusx.mojo.page/support-campusx",https://i.ytimg.com/vi/egxjT0p7_K8/maxresdefault.jpg,CampusX,90992,2507,43,378,6.3,6:18,"6 Minutes, 18 Seconds",2020-08-07T05:54:55,https://www.youtube.com/watch?v=egxjT0p7_K8,[],[],[],[https://campusx.mojo.page/support-campusx]
Kernel Trick in SVM | Code Example,"Notebook used: https://github.com/campusx-official/Support-Vector-Machines-SVM-/blob/master/Kernel%20Trick%20SVM.ipynb
About CampusX:

CampusX is an online mentorship program for engineering students. We offer a 6-month long mentorship to students in the latest cutting - edge technologies like Machine Learning, Python, Web Development, and Deep Learning & Neural networks.

At its core, CampusX aims to change this education system of India. We believe that high-quality education is not just for the privileged few. It is the right of everyone who seeks it. Through our mentorship program, we aim to bring quality education to every single student. A mentored student is provided with guidance on how to ace a technology through 24x7 mentorship, live and recorded video lectures, daily skill-building activities, project assignments, and evaluation, hackathons, interactions with industry experts, soft skill training, personal counseling, and comprehensive reports. All we need from you is intent, a ray of passion to learn. 

Connect with us:

Website: http://www.campusx.in

Medium Blog: https://medium.com/campusx

Facebook: https://www.facebook.com/campusx.official

Linkedin: linkedin.com/company/campusx-official

Instagram: https://www.instagram.com/campusx.official/

Github: https://github.com/campusx-official

Email: support@campusx.in",https://i.ytimg.com/vi/pjvmVMDrzVU/sddefault.jpg,CampusX,75529,2361,70,844,14.07,14:04,"14 Minutes, 4 Seconds",2020-08-07T05:54:13,https://www.youtube.com/watch?v=pjvmVMDrzVU,"[#Education, #Engineering, #Campus, #Placement, #Skills, #Machine Learning, #Software, #Web Development, #Profile Building]",[],[support@campusx.in],"[https://github.com/campusx-official, https://github.com/campusx-official/Support-Vector-Machines-SVM-/blob/master/Kernel%20Trick%20SVM.ipynb, https://www.instagram.com/campusx.official/, https://medium.com/campusx, https://www.facebook.com/campusx.official, http://www.campusx.in]"
Decision Trees Geometric Intuition | Entropy | Gini impurity | Information Gain,"Decision Trees use metrics like Entropy and Gini Impurity to make split decisions. Entropy measures the disorder or randomness in a dataset, while Gini Impurity quantifies the probability of misclassifying a randomly chosen element. Information Gain, derived from these metrics, guides the tree in selecting the most informative features for optimal data splits, contributing to effective decision-making in classification tasks.

============================
Do you want to learn from me?
Check my affordable mentorship program at : https://learnwith.campusx.in/s/store
============================

📱 Grow with us:
CampusX' LinkedIn: https://www.linkedin.com/company/campusx-official
CampusX on Instagram for daily tips: https://www.instagram.com/campusx.official
My LinkedIn: https://www.linkedin.com/in/nitish-singh-03412789
Discord: https://discord.gg/PsWu8R87Z8
E-mail us at support@campusx.in

⌚Time Stamps⌚

00:00 - Intro
00:14 - Example 1
03:00 - Where is the Tree?
04:00 - Example 2
06:09 - What if we have numerical data?
07:57 - Geometric Intuition
10:50 - Pseudo Code
11:54 - Conclusion
14:00 - Terminology
14:53 - Unanswered Questions
16:16 - Advantages and Disadvantages
18:04 - CART
18:45 - Game Example
21:45 - How do decision trees work? / Entropy
22:15 - What is Entropy
25:40 - How to calculate Entropy
29:40 - Observations
31:35 - Entropy vs Probability
36:20 - Information Gain
41:40 - Gini Impurity
50:30 - Handling Numerical Data",https://i.ytimg.com/vi/IZnno-dKgVQ/maxresdefault.jpg,CampusX,260170,5447,176,3509,58.48,58:29,"58 Minutes, 29 Seconds",2021-07-02T14:30:01,https://www.youtube.com/watch?v=IZnno-dKgVQ,"[#Education, #Engineering, #Campus, #Placement, #Skills, #Machine Learning, #Software, #Web Development, #Profile Building]",[],[support@campusx.in],"[https://discord.gg/PsWu8R87Z8, https://www.linkedin.com/company/campusx-official, https://learnwith.campusx.in/s/store, https://www.linkedin.com/in/nitish-singh-03412789, https://www.instagram.com/campusx.official]"
Decision Trees - Hyperparameters | Overfitting and Underfitting in Decision Trees,"In Decision Trees, hyperparameters play a crucial role in managing model complexity. Common hyperparameters include 'max_depth' to control the tree's depth, 'min_samples_split' for the minimum samples required to split a node, and 'min_samples_leaf' for the minimum samples in a leaf node. Balancing these hyperparameters is vital to avoid overfitting (capturing noise) or underfitting (missing patterns) in the model.

Visualization Tool used: https://dt-visualise.herokuapp.com/

============================
Do you want to learn from me?
Check my affordable mentorship program at : https://learnwith.campusx.in/s/store
============================

📱 Grow with us:
CampusX' LinkedIn: https://www.linkedin.com/company/campusx-official
CampusX on Instagram for daily tips: https://www.instagram.com/campusx.official
My LinkedIn: https://www.linkedin.com/in/nitish-singh-03412789
Discord: https://discord.gg/PsWu8R87Z8
E-mail us at support@campusx.in

⌚Time Stamps⌚

00:00 - Intro
01:19 - Depth of tree
04:26 - Geometrical Intuition of over fitting
07:19 - Geometric Intuition of under fitting 
11:46 - Decision tree Hyper parameter tuning
27:05 - Outro",https://i.ytimg.com/vi/mDEV0Iucwz0/maxresdefault.jpg,CampusX,121019,4522,95,1643,27.38,27:23,"27 Minutes, 23 Seconds",2021-07-03T14:30:06,https://www.youtube.com/watch?v=mDEV0Iucwz0,"[#Education, #Engineering, #Campus, #Placement, #Skills, #Machine Learning, #Software, #Web Development, #Profile Building]",[],[support@campusx.in],"[https://discord.gg/PsWu8R87Z8, https://www.linkedin.com/company/campusx-official, https://learnwith.campusx.in/s/store, https://www.linkedin.com/in/nitish-singh-03412789, https://www.instagram.com/campusx.official, https://dt-visualise.herokuapp.com/]"
Regression Trees | Decision Trees Part 3,"Regression Trees are a variation of Decision Trees used for predicting continuous numerical values. Instead of class labels, the nodes in a Regression Tree contain predicted values. The tree structure helps capture complex relationships in the data, making it a valuable tool for regression tasks where the goal is to predict numeric outcomes.

Code used: https://github.com/campusx-official/decision-trees/blob/master/regression_tree_example.ipynb

============================
Do you want to learn from me?
Check my affordable mentorship program at : https://learnwith.campusx.in/s/store
============================

📱 Grow with us:
CampusX' LinkedIn: https://www.linkedin.com/company/campusx-official
CampusX on Instagram for daily tips: https://www.instagram.com/campusx.official
My LinkedIn: https://www.linkedin.com/in/nitish-singh-03412789
Discord: https://discord.gg/PsWu8R87Z8
E-mail us at support@campusx.in

⌚Time Stamps⌚

00:00 - Intro
01:58 - Best Fit Line
07:30 - Finding the splitting criteria
16:57 - Final Criteria
20:50 - Streamlit Web App
31:07 - Code Example
33:45 - Feature Importance",https://i.ytimg.com/vi/RANHxyAvtM4/maxresdefault.jpg,CampusX,96974,2480,58,2115,35.25,35:15,"35 Minutes, 15 Seconds",2021-07-05T14:30:09,https://www.youtube.com/watch?v=RANHxyAvtM4,"[#Education, #Engineering, #Campus, #Placement, #Skills, #Machine Learning, #Software, #Web Development, #Profile Building]",[],[support@campusx.in],"[https://discord.gg/PsWu8R87Z8, https://www.linkedin.com/company/campusx-official, https://learnwith.campusx.in/s/store, https://www.linkedin.com/in/nitish-singh-03412789, https://github.com/campusx-official/decision-trees/blob/master/regression_tree_example.ipynb, https://www.instagram.com/campusx.official]"
Awesome Decision Tree Visualization using dtreeviz library,"Code used : https://github.com/campusx-official/dtreeviz-demo
dtreeViz library : https://explained.ai/decision-tree-viz/index.html

============================
Do you want to learn from me?
Check my affordable mentorship program at : https://learnwith.campusx.in/s/store
============================

📱 Grow with us:
CampusX' LinkedIn: https://www.linkedin.com/company/campusx-official
CampusX on Instagram for daily tips: https://www.instagram.com/campusx.official
My LinkedIn: https://www.linkedin.com/in/nitish-singh-03412789
Discord: https://discord.gg/PsWu8R87Z8
Instagram: https://www.instagram.com/campusx.official
E-mail us at support@campusx.in",https://i.ytimg.com/vi/SlMZqfvl5uw/maxresdefault.jpg,CampusX,69163,2157,50,1116,18.6,18:36,"18 Minutes, 36 Seconds",2021-03-19T13:49:09,https://www.youtube.com/watch?v=SlMZqfvl5uw,"[#Decision trees, #Machine learning, #Visualization]",[],[support@campusx.in],"[https://discord.gg/PsWu8R87Z8, https://www.linkedin.com/company/campusx-official, https://learnwith.campusx.in/s/store, https://www.linkedin.com/in/nitish-singh-03412789, https://github.com/campusx-official/dtreeviz-demo, https://www.instagram.com/campusx.official, https://explained.ai/decision-tree-viz/index.html]"
Introduction to Ensemble Learning | Ensemble Techniques in Machine Learning,"This video gives you a simple overview of Ensemble Learning and its techniques. Learn how combining multiple models can boost your predictions and improve overall performance in machine learning tasks.

============================
Do you want to learn from me?
Check my affordable mentorship program at : https://learnwith.campusx.in/s/store
============================

📱 Grow with us:
CampusX' LinkedIn: https://www.linkedin.com/company/campusx-official
CampusX on Instagram for daily tips: https://www.instagram.com/campusx.official
My LinkedIn: https://www.linkedin.com/in/nitish-singh-03412789
Discord: https://discord.gg/PsWu8R87Z8
E-mail us at support@campusx.in

⌚Time Stamps⌚

00:00 - Intro
01:45 - Wisdom of the crowd
06:17 - Resource [Book]
07:00 - Core Idea behind Ensemble learning
14:58 - Types of Ensemble Learning
28:38 - Why Ensemble Learning Works?
31:35 - Disadvantage of Ensemble Learning
32:22 - Benefits of Ensemble Learning
35:40 - When to use Ensemble Learning?",https://i.ytimg.com/vi/bHK1fE_BUms/maxresdefault.jpg,CampusX,197047,5146,142,2263,37.72,37:43,"37 Minutes, 43 Seconds",2021-07-12T14:30:15,https://www.youtube.com/watch?v=bHK1fE_BUms,"[#Education, #Engineering, #Campus, #Placement, #Skills, #Machine Learning, #Software, #Web Development, #Profile Building]",[],[support@campusx.in],"[https://discord.gg/PsWu8R87Z8, https://www.linkedin.com/company/campusx-official, https://learnwith.campusx.in/s/store, https://www.linkedin.com/in/nitish-singh-03412789, https://www.instagram.com/campusx.official]"
Voting Ensemble |  Introduction and Core Idea | Part 1,"Voting Classifier Playlist:
Part 1 - https://www.youtube.com/watch?v=_W1i-c_6rOk
Part 2 - https://www.youtube.com/watch?v=pGQnNYdPTvY
Part 3 - https://www.youtube.com/watch?v=ut4vh59rGkw

============================
Do you want to learn from me?
Check my affordable mentorship program at : https://learnwith.campusx.in/s/store
============================

📱 Grow with us:
CampusX' LinkedIn: https://www.linkedin.com/company/campusx-official
CampusX on Instagram for daily tips: https://www.instagram.com/campusx.official
My LinkedIn: https://www.linkedin.com/in/nitish-singh-03412789
Discord: https://discord.gg/PsWu8R87Z8
E-mail us at support@campusx.in",https://i.ytimg.com/vi/_W1i-c_6rOk/sddefault.jpg,CampusX,76721,2566,56,990,16.5,16:30,"16 Minutes, 30 Seconds",2021-03-09T13:17:07,https://www.youtube.com/watch?v=_W1i-c_6rOk,"[#Ensemble Learning, #Machine Learning]",[],[support@campusx.in],"[https://discord.gg/PsWu8R87Z8, https://www.linkedin.com/company/campusx-official, https://learnwith.campusx.in/s/store, https://www.linkedin.com/in/nitish-singh-03412789, https://www.instagram.com/campusx.official, https://www.youtube.com/watch?v=ut4vh59rGkw, https://www.youtube.com/watch?v=pGQnNYdPTvY, https://www.youtube.com/watch?v=_W1i-c_6rOk]"
Voting Ensemble | Classification | Voting Classifier | Hard Voting Vs Soft Voting | Part 2,"In a Voting Ensemble, multiple classifiers are combined to make predictions collectively. The Voting Classifier aggregates the predictions from individual models using either Hard Voting (simple majority) or Soft Voting (weighted average of probabilities).

Code used : https://github.com/campusx-official/voting-ensemle

Voting Classifier Playlist:
Part 1 - https://www.youtube.com/watch?v=_W1i-c_6rOk
Part 2 - https://www.youtube.com/watch?v=pGQnNYdPTvY
Part 3 - https://www.youtube.com/watch?v=ut4vh59rGkw

============================
Do you want to learn from me?
Check my affordable mentorship program at : https://learnwith.campusx.in/s/store
============================

📱 Grow with us:
CampusX' LinkedIn: https://www.linkedin.com/company/campusx-official
CampusX on Instagram for daily tips: https://www.instagram.com/campusx.official
My LinkedIn: https://www.linkedin.com/in/nitish-singh-03412789
Discord: https://discord.gg/PsWu8R87Z8
E-mail us at support@campusx.in

⌚Time Stamps⌚

00:00 - Intro
01:03 - Core Idea
12:50 - Code Demo
23:30 - Outro",https://i.ytimg.com/vi/pGQnNYdPTvY/sddefault.jpg,CampusX,69766,2446,61,1430,23.83,23:50,"23 Minutes, 50 Seconds",2021-03-10T14:13:57,https://www.youtube.com/watch?v=pGQnNYdPTvY,"[#Machine Learning, #Ensemble Learning, #Voting Classifier]",[],[support@campusx.in],"[https://discord.gg/PsWu8R87Z8, https://github.com/campusx-official/voting-ensemle, https://www.linkedin.com/company/campusx-official, https://learnwith.campusx.in/s/store, https://www.linkedin.com/in/nitish-singh-03412789, https://www.instagram.com/campusx.official, https://www.youtube.com/watch?v=ut4vh59rGkw, https://www.youtube.com/watch?v=pGQnNYdPTvY, https://www.youtube.com/watch?v=_W1i-c_6rOk]"
Voting Ensemble | Regression | Part 3,"Code of used : https://github.com/campusx-official/voting-ensemle

Voting Classifier Playlist:
Part 1 - https://www.youtube.com/watch?v=_W1i-c_6rOk
Part 2 - https://www.youtube.com/watch?v=pGQnNYdPTvY
Part 3 - https://www.youtube.com/watch?v=ut4vh59rGkw

============================
Do you want to learn from me?
Check my affordable mentorship program at : https://learnwith.campusx.in/s/store
============================

📱 Grow with us:
CampusX' LinkedIn: https://www.linkedin.com/company/campusx-official
CampusX on Instagram for daily tips: https://www.instagram.com/campusx.official
My LinkedIn: https://www.linkedin.com/in/nitish-singh-03412789
Discord: https://discord.gg/PsWu8R87Z8
E-mail us at support@campusx.in",https://i.ytimg.com/vi/ut4vh59rGkw/sddefault.jpg,CampusX,51085,1990,37,657,10.95,10:57,"10 Minutes, 57 Seconds",2021-03-11T14:06:31,https://www.youtube.com/watch?v=ut4vh59rGkw,"[#Machine Learning, #Ensemble Learning]",[],[support@campusx.in],"[https://discord.gg/PsWu8R87Z8, https://github.com/campusx-official/voting-ensemle, https://www.linkedin.com/company/campusx-official, https://learnwith.campusx.in/s/store, https://www.linkedin.com/in/nitish-singh-03412789, https://www.instagram.com/campusx.official, https://www.youtube.com/watch?v=ut4vh59rGkw, https://www.youtube.com/watch?v=pGQnNYdPTvY, https://www.youtube.com/watch?v=_W1i-c_6rOk]"
Bagging | Introduction | Part 1,"Bagging, or Bootstrap Aggregating, is an ensemble method that involves training multiple models independently on different subsets of the training data. These models are then combined through averaging or voting to make predictions. Bagging reduces variance and improves the stability and accuracy of the final model, making it a popular choice in machine learning.

Code used: https://github.com/campusx-official/bagging-ensemble

Bias Variance Tradeoff: https://www.youtube.com/watch?v=74DU02Fyrhk

============================
Do you want to learn from me?
Check my affordable mentorship program at : https://learnwith.campusx.in/s/store
============================

📱 Grow with us:
CampusX' LinkedIn: https://www.linkedin.com/company/campusx-official
CampusX on Instagram for daily tips: https://www.instagram.com/campusx.official
My LinkedIn: https://www.linkedin.com/in/nitish-singh-03412789
Discord: https://discord.gg/PsWu8R87Z8
E-mail us at support@campusx.in

⌚Time Stamps⌚

00:00 - Intro
00:25 - Plan of attack
01:50 - What is Bagging
14:32 - Code Demo
30:50 - Outro",https://i.ytimg.com/vi/LUiBOAy7x6Y/sddefault.jpg,CampusX,122060,3373,63,1873,31.22,31:13,"31 Minutes, 13 Seconds",2021-03-12T15:25:14,https://www.youtube.com/watch?v=LUiBOAy7x6Y,[],[],[support@campusx.in],"[https://discord.gg/PsWu8R87Z8, https://www.linkedin.com/company/campusx-official, https://learnwith.campusx.in/s/store, https://www.linkedin.com/in/nitish-singh-03412789, https://www.instagram.com/campusx.official, https://www.youtube.com/watch?v=74DU02Fyrhk, https://github.com/campusx-official/bagging-ensemble]"
Bagging Ensemble | Part 2 | Bagging Classifiers,"In this continuation video, we dive deeper into Bagging Classifiers, a key component of Bagging Ensembles. Learn how Bagging Classifiers leverage bootstrap sampling and aggregation to enhance model performance and robustness. 

Notebook Link : https://github.com/campusx-official/bagging-ensemble

GridSearchCV : https://www.youtube.com/watch?v=o8GE4s-jcdg

============================
Do you want to learn from me?
Check my affordable mentorship program at : https://learnwith.campusx.in/s/store
============================

📱 Grow with us:
CampusX' LinkedIn: https://www.linkedin.com/company/campusx-official
CampusX on Instagram for daily tips: https://www.instagram.com/campusx.official
My LinkedIn: https://www.linkedin.com/in/nitish-singh-03412789
Discord: https://discord.gg/PsWu8R87Z8
E-mail us at support@campusx.in",https://i.ytimg.com/vi/-1T54G_E-ys/sddefault.jpg,CampusX,73977,2635,59,1352,22.53,22:32,"22 Minutes, 32 Seconds",2021-03-16T13:37:35,https://www.youtube.com/watch?v=-1T54G_E-ys,[],[],[support@campusx.in],"[https://discord.gg/PsWu8R87Z8, https://www.youtube.com/watch?v=o8GE4s-jcdg, https://www.linkedin.com/company/campusx-official, https://learnwith.campusx.in/s/store, https://www.linkedin.com/in/nitish-singh-03412789, https://www.instagram.com/campusx.official, https://github.com/campusx-official/bagging-ensemble]"
Bagging Ensemble | Part 3 | Bagging Regressor,Code used: https://github.com/campusx-official/bagging-ensemble,https://i.ytimg.com/vi/HYVzrETXbkE/sddefault.jpg,CampusX,54186,2229,37,655,10.92,10:55,"10 Minutes, 55 Seconds",2021-03-17T19:49:37,https://www.youtube.com/watch?v=HYVzrETXbkE,[],[],[],[https://github.com/campusx-official/bagging-ensemble]
Introduction to Random Forest | Intuition behind the Algorithm,"Get familiar with Random Forest in a straightforward way. This video provides an easy-to-understand intuition behind the algorithm, making it simple for beginners to grasp the basics of Random Forest in machine learning.

Code used: https://github.com/campusx-official/100-days-of-machine-learning/tree/main/day65-random-forest

============================
Do you want to learn from me?
Check my affordable mentorship program at : https://learnwith.campusx.in/s/store
============================

📱 Grow with us:
CampusX' LinkedIn: https://www.linkedin.com/company/campusx-official
CampusX on Instagram for daily tips: https://www.instagram.com/campusx.official
My LinkedIn: https://www.linkedin.com/in/nitish-singh-03412789
Discord: https://discord.gg/PsWu8R87Z8
E-mail us at support@campusx.in

⌚Time Stamps⌚

00:00 - Intro
00:29 - Intuition
14:35 - Code Demo",https://i.ytimg.com/vi/F9uESCHGjhA/maxresdefault.jpg,CampusX,148465,3601,103,2035,33.92,33:55,"33 Minutes, 55 Seconds",2021-07-19T15:13:28,https://www.youtube.com/watch?v=F9uESCHGjhA,"[#Education, #Engineering, #Campus, #Placement, #Skills, #Machine Learning, #Software, #Web Development, #Profile Building]",[],[support@campusx.in],"[https://discord.gg/PsWu8R87Z8, https://www.linkedin.com/company/campusx-official, https://learnwith.campusx.in/s/store, https://www.linkedin.com/in/nitish-singh-03412789, https://www.instagram.com/campusx.official, https://github.com/campusx-official/100-days-of-machine-learning/tree/main/day65-random-forest]"
How Random Forest Performs So Well? Bias Variance Trade-Off in Random Forest,"Understand the reason behind Random Forest's strong performance. This video explains the concept of Bias-Variance Trade-Off in Random Forest in simple terms, revealing why it's a powerful technique in machine learning.

Code used: https://github.com/campusx-official/100-days-of-machine-learning/tree/main/day65-random-forest

============================
Do you want to learn from me?
Check my affordable mentorship program at : https://learnwith.campusx.in/s/store
============================

📱 Grow with us:
CampusX' LinkedIn: https://www.linkedin.com/company/campusx-official
CampusX on Instagram for daily tips: https://www.instagram.com/campusx.official
My LinkedIn: https://www.linkedin.com/in/nitish-singh-03412789
Discord: https://discord.gg/PsWu8R87Z8
E-mail us at support@campusx.in",https://i.ytimg.com/vi/jHgG4gjuFAk/maxresdefault.jpg,CampusX,76926,2225,34,772,12.87,12:52,"12 Minutes, 52 Seconds",2021-07-20T14:30:08,https://www.youtube.com/watch?v=jHgG4gjuFAk,"[#Education, #Engineering, #Campus, #Placement, #Skills, #Machine Learning, #Software, #Web Development, #Profile Building]",[],[support@campusx.in],"[https://discord.gg/PsWu8R87Z8, https://www.linkedin.com/company/campusx-official, https://learnwith.campusx.in/s/store, https://www.linkedin.com/in/nitish-singh-03412789, https://www.instagram.com/campusx.official, https://github.com/campusx-official/100-days-of-machine-learning/tree/main/day65-random-forest]"
Bagging Vs Random Forest | What is the difference between Bagging and Random Forest | Very Important,"Bagging Vs Random Forest: Learn the simple differences between Bagging and Random Forest. This video breaks down the two techniques, helping you understand how they work and when to use each.

Code Used: https://github.com/campusx-official/100-days-of-machine-learning/blob/main/day65-random-forest/bagging_vs_random_forest.ipynb

============================
Do you want to learn from me?
Check my affordable mentorship program at : https://learnwith.campusx.in/s/store
============================

📱 Grow with us:
CampusX' LinkedIn: https://www.linkedin.com/company/campusx-official
CampusX on Instagram for daily tips: https://www.instagram.com/campusx.official
My LinkedIn: https://www.linkedin.com/in/nitish-singh-03412789
Discord: https://discord.gg/PsWu8R87Z8
E-mail us at support@campusx.in",https://i.ytimg.com/vi/l93jRojZMqU/maxresdefault.jpg,CampusX,71430,2343,48,722,12.03,12:02,"12 Minutes, 2 Seconds",2021-07-22T14:30:06,https://www.youtube.com/watch?v=l93jRojZMqU,"[#Education, #Engineering, #Campus, #Placement, #Skills, #Machine Learning, #Software, #Web Development, #Profile Building]",[],[support@campusx.in],"[https://discord.gg/PsWu8R87Z8, https://www.linkedin.com/company/campusx-official, https://learnwith.campusx.in/s/store, https://www.linkedin.com/in/nitish-singh-03412789, https://github.com/campusx-official/100-days-of-machine-learning/blob/main/day65-random-forest/bagging_vs_random_forest.ipynb, https://www.instagram.com/campusx.official]"
Random Forest Hyper-parameters,"This video explains the important hyperparameters in Random Forest in a straightforward manner, helping you grasp how they impact the model's behavior and effectiveness.

Official Documentation: https://scikit-learn.org/stable/modules/generated/sklearn.ensemble.RandomForestClassifier.html

Video on Decision Tree Hyper-parameters: https://www.youtube.com/watch?v=mDEV0Iucwz0

Visualization Tools:
1. https://random-forest-vt.herokuapp.com/

2. https://dt-visualise.herokuapp.com/

============================
Do you want to learn from me?
Check my affordable mentorship program at : https://learnwith.campusx.in/s/store
============================

📱 Grow with us:
CampusX' LinkedIn: https://www.linkedin.com/company/campusx-official
CampusX on Instagram for daily tips: https://www.instagram.com/campusx.official
My LinkedIn: https://www.linkedin.com/in/nitish-singh-03412789
Discord: https://discord.gg/PsWu8R87Z8
E-mail us at support@campusx.in",https://i.ytimg.com/vi/WOFVY_wQ9wU/maxresdefault.jpg,CampusX,75974,2316,46,917,15.28,15:17,"15 Minutes, 17 Seconds",2021-07-23T14:30:05,https://www.youtube.com/watch?v=WOFVY_wQ9wU,"[#Education, #Engineering, #Campus, #Placement, #Skills, #Machine Learning, #Software, #Web Development, #Profile Building]",[],[support@campusx.in],"[https://discord.gg/PsWu8R87Z8, https://www.linkedin.com/company/campusx-official, https://learnwith.campusx.in/s/store, https://www.linkedin.com/in/nitish-singh-03412789, https://scikit-learn.org/stable/modules/generated/sklearn.ensemble.RandomForestClassifier.html, https://random-forest-vt.herokuapp.com/, https://www.instagram.com/campusx.official, https://dt-visualise.herokuapp.com/, https://www.youtube.com/watch?v=mDEV0Iucwz0]"
Hyperparameter Tuning Random Forest using GridSearchCV and RandomizedSearchCV | Code Example,"This video simplifies the process, guiding you through optimizing hyperparameters for better model performance.

Code used: https://github.com/campusx-official/100-days-of-machine-learning/tree/main/day65-random-forest

============================
Do you want to learn from me?
Check my affordable mentorship program at : https://learnwith.campusx.in/s/store
============================

📱 Grow with us:
CampusX' LinkedIn: https://www.linkedin.com/company/campusx-official
CampusX on Instagram for daily tips: https://www.instagram.com/campusx.official
My LinkedIn: https://www.linkedin.com/in/nitish-singh-03412789
Discord: https://discord.gg/PsWu8R87Z8
E-mail us at support@campusx.in",https://i.ytimg.com/vi/4Im0CT43QxY/maxresdefault.jpg,CampusX,82989,2248,37,704,11.73,11:44,"11 Minutes, 44 Seconds",2021-07-26T14:30:01,https://www.youtube.com/watch?v=4Im0CT43QxY,"[#Education, #Engineering, #Campus, #Placement, #Skills, #Machine Learning, #Software, #Web Development, #Profile Building]",[],[support@campusx.in],"[https://discord.gg/PsWu8R87Z8, https://www.linkedin.com/company/campusx-official, https://learnwith.campusx.in/s/store, https://www.linkedin.com/in/nitish-singh-03412789, https://www.instagram.com/campusx.official, https://github.com/campusx-official/100-days-of-machine-learning/tree/main/day65-random-forest]"
OOB Score | Out of Bag Evaluation in Random Forest | Machine Learning,"This video explains how OOB is used to evaluate model performance without separate validation sets. Learn about this insightful technique for assessing your Random Forest models.

Code used: https://github.com/campusx-official/100-days-of-machine-learning/tree/main/day65-random-forest

============================
Do you want to learn from me?
Check my affordable mentorship program at : https://learnwith.campusx.in/s/store
============================

📱 Grow with us:
CampusX' LinkedIn: https://www.linkedin.com/company/campusx-official
CampusX on Instagram for daily tips: https://www.instagram.com/campusx.official
My LinkedIn: https://www.linkedin.com/in/nitish-singh-03412789
Discord: https://discord.gg/PsWu8R87Z8
E-mail us at support@campusx.in",https://i.ytimg.com/vi/tdDhyFoSG94/maxresdefault.jpg,CampusX,55849,1715,24,405,6.75,6:45,"6 Minutes, 45 Seconds",2021-07-28T14:30:08,https://www.youtube.com/watch?v=tdDhyFoSG94,"[#Machine Learning, #machine learning, #random forest, #python, #out of bag error, #random forest intro, #random forest machine learning]",[],[support@campusx.in],"[https://discord.gg/PsWu8R87Z8, https://www.linkedin.com/company/campusx-official, https://learnwith.campusx.in/s/store, https://www.linkedin.com/in/nitish-singh-03412789, https://www.instagram.com/campusx.official, https://github.com/campusx-official/100-days-of-machine-learning/tree/main/day65-random-forest]"
Feature Importance using Random Forest and Decision Trees | How is Feature Importance calculated,"This video breaks down the process using Random Forest and Decision Trees, making it easy to comprehend. Learn how these techniques help identify the most impactful features in your data.

Code: https://github.com/campusx-official/100-days-of-machine-learning/tree/main/day65-random-forest

============================
Do you want to learn from me?
Check my affordable mentorship program at : https://learnwith.campusx.in/s/store
============================

📱 Grow with us:
CampusX' LinkedIn: https://www.linkedin.com/company/campusx-official
CampusX on Instagram for daily tips: https://www.instagram.com/campusx.official
My LinkedIn: https://www.linkedin.com/in/nitish-singh-03412789
Discord: https://discord.gg/PsWu8R87Z8
E-mail us at support@campusx.in

⌚Time Stamps⌚

00:00 - Intro
00:52 - What is Feature Importance
06:10 - Feature importance in SKLearn
08:40 - Feature Importance Documentation
11:10 - Calculating Importance using Decision trees
23:45 - Calculating Importance using Random Forest",https://i.ytimg.com/vi/R47JAob1xBY/maxresdefault.jpg,CampusX,82728,2419,64,1640,27.33,27:20,"27 Minutes, 20 Seconds",2021-07-30T14:30:04,https://www.youtube.com/watch?v=R47JAob1xBY,"[#machine learning, #machine learning course, #machine learning algorithms, #machine learning explained, #machine learning algorithms for data science, #feature importance, #feature importance in decision trees, #feature importance in random forest, #random forest, #sklearn random forest, #end to end machine learning, #feature selection, #random forest algorithm, #random forest regression]",[],[support@campusx.in],"[https://discord.gg/PsWu8R87Z8, https://www.linkedin.com/company/campusx-official, https://learnwith.campusx.in/s/store, https://www.linkedin.com/in/nitish-singh-03412789, https://www.instagram.com/campusx.official, https://github.com/campusx-official/100-days-of-machine-learning/tree/main/day65-random-forest]"
How Adaboost Classifier Works? | Geometric Intuition,"In this video, we will explore the geometric intuition behind how the Adaboost classifier works, providing a clear and detailed explanation of its underlying principles. 

============================
Do you want to learn from me?
Check my affordable mentorship program at : https://learnwith.campusx.in/s/store
============================

📱 Grow with us:
CampusX' LinkedIn: https://www.linkedin.com/company/campusx-official
CampusX on Instagram for daily tips: https://www.instagram.com/campusx.official
My LinkedIn: https://www.linkedin.com/in/nitish-singh-03412789
Discord: https://discord.gg/PsWu8R87Z8
E-mail us at support@campusx.in",https://i.ytimg.com/vi/sFKnP0iP0K0/sddefault.jpg,CampusX,101183,2703,39,1034,17.23,17:14,"17 Minutes, 14 Seconds",2021-08-09T14:30:15,https://www.youtube.com/watch?v=sFKnP0iP0K0,[],[],[support@campusx.in],"[https://discord.gg/PsWu8R87Z8, https://www.linkedin.com/company/campusx-official, https://learnwith.campusx.in/s/store, https://www.linkedin.com/in/nitish-singh-03412789, https://www.instagram.com/campusx.official]"
AdaBoost - A Step by Step Explanation,"In this video, we will dive into the concept of AdaBoost and understand how this machine learning algorithm works step by step. From its basic principles to its application in real-world scenarios, we will explore the intricacies of AdaBoost in a clear and straightforward manner.

============================
Do you want to learn from me?
Check my affordable mentorship program at : https://learnwith.campusx.in/s/store
============================

📱 Grow with us:
CampusX' LinkedIn: https://www.linkedin.com/company/campusx-official
CampusX on Instagram for daily tips: https://www.instagram.com/campusx.official
My LinkedIn: https://www.linkedin.com/in/nitish-singh-03412789
Discord: https://discord.gg/PsWu8R87Z8
E-mail us at support@campusx.in",https://i.ytimg.com/vi/RT0t9a3Xnfw/sddefault.jpg,CampusX,100142,3049,73,1163,19.38,19:23,"19 Minutes, 23 Seconds",2021-08-10T14:30:10,https://www.youtube.com/watch?v=RT0t9a3Xnfw,[],[],[support@campusx.in],"[https://discord.gg/PsWu8R87Z8, https://www.linkedin.com/company/campusx-official, https://learnwith.campusx.in/s/store, https://www.linkedin.com/in/nitish-singh-03412789, https://www.instagram.com/campusx.official]"
AdaBoost Algorithm | Code from Scratch,"his video guides you through building the AdaBoost algorithm step by step in Python. Perfect for beginners looking to understand and implement AdaBoost on their own.

Code Used: https://github.com/campusx-official/100-days-of-machine-learning/tree/main/day66-adaboost

============================
Do you want to learn from me?
Check my affordable mentorship program at : https://learnwith.campusx.in/s/store
============================

📱 Grow with us:
CampusX' LinkedIn: https://www.linkedin.com/company/campusx-official
CampusX on Instagram for daily tips: https://www.instagram.com/campusx.official
My LinkedIn: https://www.linkedin.com/in/nitish-singh-03412789
Discord: https://discord.gg/PsWu8R87Z8
E-mail us at support@campusx.in",https://i.ytimg.com/vi/a20TaKNsriE/maxresdefault.jpg,CampusX,63229,1888,75,987,16.45,16:27,"16 Minutes, 27 Seconds",2021-08-16T14:30:00,https://www.youtube.com/watch?v=a20TaKNsriE,"[#Education, #Engineering, #Campus, #Placement, #Skills, #Machine Learning, #Software, #Web Development, #Profile Building]",[],[support@campusx.in],"[https://discord.gg/PsWu8R87Z8, https://www.linkedin.com/company/campusx-official, https://learnwith.campusx.in/s/store, https://www.linkedin.com/in/nitish-singh-03412789, https://github.com/campusx-official/100-days-of-machine-learning/tree/main/day66-adaboost, https://www.instagram.com/campusx.official]"
AdaBoost Hyperparameters | GridSearchCV in Adaboost,"AdaBoost Hyperparameters: Learn how to fine-tune AdaBoost using GridSearchCV. This video simplifies the process, showing you step by step how to optimize hyperparameters for better model performance. 

Code used - https://github.com/campusx-official/100-days-of-machine-learning/tree/main/day66-adaboost

============================
Do you want to learn from me?
Check my affordable mentorship program at : https://learnwith.campusx.in/s/store
============================

📱 Grow with us:
CampusX' LinkedIn: https://www.linkedin.com/company/campusx-official
CampusX on Instagram for daily tips: https://www.instagram.com/campusx.official
My LinkedIn: https://www.linkedin.com/in/nitish-singh-03412789
Discord: https://discord.gg/PsWu8R87Z8
E-mail us at support@campusx.in",https://i.ytimg.com/vi/JmXnztjULnQ/maxresdefault.jpg,CampusX,47699,1517,43,673,11.22,11:13,"11 Minutes, 13 Seconds",2021-08-17T14:30:02,https://www.youtube.com/watch?v=JmXnztjULnQ,"[#Machine Learning, #adaboost algorithm, #adaboost algorithm in machine learning, #adaptive boosting machine learning, #boosting machine learning, #adaptive boosting]",[],[support@campusx.in],"[https://discord.gg/PsWu8R87Z8, https://www.linkedin.com/company/campusx-official, https://learnwith.campusx.in/s/store, https://www.linkedin.com/in/nitish-singh-03412789, https://github.com/campusx-official/100-days-of-machine-learning/tree/main/day66-adaboost, https://www.instagram.com/campusx.official]"
Bagging Vs Boosting | What is the difference between Bagging and Boosting,"Bagging vs Boosting: Understand the key differences between these two techniques in simple terms. This video breaks down Bagging and Boosting, helping you grasp their distinctions and choose the right approach for your machine learning tasks.

============================
Do you want to learn from me?
Check my affordable mentorship program at : https://learnwith.campusx.in/s/store
============================

📱 Grow with us:
CampusX' LinkedIn: https://www.linkedin.com/company/campusx-official
CampusX on Instagram for daily tips: https://www.instagram.com/campusx.official
My LinkedIn: https://www.linkedin.com/in/nitish-singh-03412789
Discord: https://discord.gg/PsWu8R87Z8
E-mail us at support@campusx.in",https://i.ytimg.com/vi/7M5oWXCpDEw/sddefault.jpg,CampusX,75830,2212,67,377,6.28,6:17,"6 Minutes, 17 Seconds",2021-08-18T14:30:01,https://www.youtube.com/watch?v=7M5oWXCpDEw,[],[],[support@campusx.in],"[https://discord.gg/PsWu8R87Z8, https://www.linkedin.com/company/campusx-official, https://learnwith.campusx.in/s/store, https://www.linkedin.com/in/nitish-singh-03412789, https://www.instagram.com/campusx.official]"
Gradient Boosting Explained | How Gradient Boosting Works?,"In this video, we'll provide a comprehensive explanation of Gradient Boosting, breaking down how the technique works. We'll cover the underlying principles, the iterative boosting process, and the ensemble of weak learners, offering a clear understanding of the mechanics behind Gradient Boosting.

Code used: https://github.com/campusx-official/100-days-of-machine-learning/tree/main/gradient-boosting

============================
Do you want to learn from me?
Check my affordable mentorship program at : https://learnwith.campusx.in/s/store
============================

📱 Grow with us:
CampusX' LinkedIn: https://www.linkedin.com/company/campusx-official
CampusX on Instagram for daily tips: https://www.instagram.com/campusx.official
My LinkedIn: https://www.linkedin.com/in/nitish-singh-03412789
Discord: https://discord.gg/PsWu8R87Z8
E-mail us at support@campusx.in

✨ Hashtags✨

#GradientBoosting
#EnsembleLearning
#MachineLearningAlgorithms
#BoostingTechniques",https://i.ytimg.com/vi/fbKz7N92mhQ/sddefault.jpg,CampusX,151748,4411,149,1969,32.82,32:49,"32 Minutes, 49 Seconds",2021-09-09T13:30:13,https://www.youtube.com/watch?v=fbKz7N92mhQ,"[#Gradient Boosting, #Boosting, #Ensemble Learning, #Machine Learning Algorithms, #Machine Learning Course, #Campusx, #Nitish Singh CampusX]","[#EnsembleLearning, #MachineLearningAlgorithms, #GradientBoosting, #BoostingTechniques]",[support@campusx.in],"[https://discord.gg/PsWu8R87Z8, https://www.linkedin.com/company/campusx-official, https://learnwith.campusx.in/s/store, https://www.linkedin.com/in/nitish-singh-03412789, https://github.com/campusx-official/100-days-of-machine-learning/tree/main/gradient-boosting, https://www.instagram.com/campusx.official]"
Gradient Boosting Regression Part 2 | Mathematics of Gradient Boosting,"In this video, we'll dive deeper into Gradient Boosting Regression, specifically focusing on the underlying mathematics of the technique. We'll break down the mathematical concepts and equations that power Gradient Boosting, providing a comprehensive understanding of how it works.

============================
Do you want to learn from me?
Check my affordable mentorship program at : https://learnwith.campusx.in/s/store
============================

📱 Grow with us:
CampusX' LinkedIn: https://www.linkedin.com/company/campusx-official
CampusX on Instagram for daily tips: https://www.instagram.com/campusx.official
My LinkedIn: https://www.linkedin.com/in/nitish-singh-03412789
Discord: https://discord.gg/PsWu8R87Z8
E-mail us at support@campusx.in

⌚Time Stamps⌚

00:00 - Intro
00:35 - Algorithm
01:46 - Additive Modelling
04:40 - Runge's Phenomenon
06:40 - Desmos Demo
09:45 - Gradient Boost Demo on Kaggle
12:44 - Explanation",https://i.ytimg.com/vi/nMNiTZm-qY0/maxresdefault.jpg,CampusX,87506,2553,106,3402,56.7,56:42,"56 Minutes, 42 Seconds",2021-09-20T13:30:19,https://www.youtube.com/watch?v=nMNiTZm-qY0,"[#campusx, #gradient boosting, #gradient boosting regression, #gradient boost maths, #boosting techniques, #machine learning algorithms, #nitish sir campusx, #nitish singh campusx, #100 days of machine learning, #machine learning course]",[],[support@campusx.in],"[https://discord.gg/PsWu8R87Z8, https://www.linkedin.com/company/campusx-official, https://learnwith.campusx.in/s/store, https://www.linkedin.com/in/nitish-singh-03412789, https://www.instagram.com/campusx.official]"
Gradient Boosting for Classification | Geometric Intuition | CampusX,"In this video, we talk about Gradient boosting for classification. Watch the video till the end to understand the concept in detail.

🔗Resources:

Blog Link - https://towardsdatascience.com/all-you-need-to-know-about-gradient-boosting-algorithm-part-2-classification-d3ed8f56541e

Code  - https://colab.research.google.com/drive/13p46IFhg3h6BIdjxUcfXPco13jIOCV6I?usp=sharing
Code - https://colab.research.google.com/drive/15G44KBuSgHs7hdSIuhwh-LR7Qur4xRyD?usp=sharing

Gradient Boosting for Regression: 
https://www.youtube.com/watch?v=fbKz7N92mhQ&t=2s&ab_channel=CampusX

https://www.youtube.com/watch?v=nMNiTZm-qY0&ab_channel=CampusX

============================
Do you want to learn from me?
Check my affordable mentorship program at : https://learnwith.campusx.in
============================

📱 Grow with us:
CampusX' LinkedIn: https://www.linkedin.com/company/campusx-official
CampusX on Instagram for daily tips: https://www.instagram.com/campusx.official
My LinkedIn: https://www.linkedin.com/in/nitish-singh-03412789
Discord: https://discord.gg/PsWu8R87Z8

👍If you find this video helpful, consider giving it a thumbs up and subscribing for more educational videos on data science!

💭Share your thoughts, experiences, or questions in the comments below. I love hearing from you!

⌚Time Stamps⌚

00:00 - Intro
01:37 - Gradient Boosting
05:20 - Classification vs Regression
07:21 - Example
13:07 - Demo Code
46:01 - Prediction
50:49 - Demo Code
01:04:16 - Outro

✨ Hashtags✨
#DataScience #MachineLearning #Deeplearning #CampusX",https://i.ytimg.com/vi/4p5EQtyxSyI/maxresdefault.jpg,CampusX,90827,2709,98,3873,64.55,1:04:33,"1 Hours, 4 Minutes, 33 Seconds",2023-08-08T14:00:04,https://www.youtube.com/watch?v=4p5EQtyxSyI,"[#Education, #Engineering, #Campus, #Placement, #Skills, #Machine Learning, #Software, #Web Development, #Profile Building]","[#MachineLearning, #CampusX, #DataScience, #Deeplearning]",[],"[https://discord.gg/PsWu8R87Z8, https://www.youtube.com/watch?v=nMNiTZm-qY0&ab_channel=CampusX, https://www.linkedin.com/company/campusx-official, https://towardsdatascience.com/all-you-need-to-know-about-gradient-boosting-algorithm-part-2-classification-d3ed8f56541e, https://learnwith.campusx.in, https://www.linkedin.com/in/nitish-singh-03412789, https://colab.research.google.com/drive/13p46IFhg3h6BIdjxUcfXPco13jIOCV6I?usp=sharing, https://colab.research.google.com/drive/15G44KBuSgHs7hdSIuhwh-LR7Qur4xRyD?usp=sharing, https://www.instagram.com/campusx.official, https://www.youtube.com/watch?v=fbKz7N92mhQ&t=2s&ab_channel=CampusX]"
Introduction to XGBOOST | Machine Learning | CampusX,"In this video, we delve into the world of XGBoost, a powerful and versatile machine learning algorithm. Whether you're a data scientist, a machine learning enthusiast, or a curious mind, join us as we unravel the history, features, and performance aspects of XGBoost.

Original Research Paper - https://browse.arxiv.org/pdf/1603.02754.pdf

🔗 XgBoost Series Videos:
XgBoost Introduction: https://www.youtube.com/watch?v=C6aDw4y8qJ0
XgBoost For Regression: https://www.youtube.com/watch?v=gmp2tS2joaA
XgBoost For Classification: https://www.youtube.com/watch?v=mELtxVUNNrw
Maths Behind XgBoost: https://www.youtube.com/watch?v=0Eo-_5bfers

============================
Do you want to learn from me?
Check my affordable mentorship program at : https://learnwith.campusx.in
============================

📱 Grow with us:
CampusX' LinkedIn: https://www.linkedin.com/company/campusx-official
CampusX on Instagram for daily tips: https://www.instagram.com/campusx.official
My LinkedIn: https://www.linkedin.com/in/nitish-singh-03412789
Discord: https://discord.gg/PsWu8R87Z8

👍If you find this video helpful, consider giving it a thumbs up and subscribing for more educational videos on data science!

💭Share your thoughts, experiences, or questions in the comments below. I love hearing from you!

⌚Time Stamps⌚

00:00 - Intro
01:50 - XGBoost Introduction
08:14 - History of XGBoost
17:23 - XGBoost Features
19:05 - Flexiblity
27:53 - Speed
59:15 - Performance
01:01:51 - XGBoost Research Paper
01:17:13 - LightGBM
01:18:30 - CatBoost

✨ Hashtags✨
#XGBoost #MachineLearning #DataScience #Algorithm #TechHistory #DataAnalysis #PredictiveModeling",https://i.ytimg.com/vi/C6aDw4y8qJ0/maxresdefault.jpg,CampusX,161925,4238,127,4777,79.62,1:19:37,"1 Hours, 19 Minutes, 37 Seconds",2023-10-14T10:47:05,https://www.youtube.com/watch?v=C6aDw4y8qJ0,"[#Education, #Engineering, #Campus, #Placement, #Skills, #Machine Learning, #Software, #Web Development, #Profile Building]","[#DataScience, #TechHistory, #DataAnalysis, #MachineLearning, #XGBoost, #PredictiveModeling, #Algorithm]",[],"[https://discord.gg/PsWu8R87Z8, https://www.linkedin.com/company/campusx-official, https://learnwith.campusx.in, https://www.linkedin.com/in/nitish-singh-03412789, https://www.youtube.com/watch?v=0Eo-_5bfers, https://www.instagram.com/campusx.official, https://browse.arxiv.org/pdf/1603.02754.pdf, https://www.youtube.com/watch?v=gmp2tS2joaA, https://www.youtube.com/watch?v=C6aDw4y8qJ0, https://www.youtube.com/watch?v=mELtxVUNNrw]"
XGBoost for Regression | XGBoost Part 2 | CampusX,"🔍 Ever wondered how XGBoost works under the hood for regression tasks? 

🚀 Welcome to *CampusX* !! In this tutorial, we'll unravel the mathematical intricacies of XGBoost for regression, guiding you through each step of the process. Whether you're a data scientist, a machine learning enthusiast, or someone eager to dive into the mathematical foundations of algorithms, this video is tailor-made for you.

📊 *Step-by-Step Guide* :

*Introduction to XGBoost Regression* : Understand the fundamentals of XGBoost and its adaptability to regression problems.

*Objective Function for Regression* : Dive into the mathematical formulation of the objective function, exploring how XGBoost minimizes the difference between predicted and actual values.

*Gradient Boosting Algorithm* : Follow the step-by-step process of gradient boosting, where weak learners are sequentially added to the model to correct errors.

*Regularization Techniques* : Explore how XGBoost incorporates regularization terms in the objective function to prevent overfitting and enhance model generalization.

*Tree Building Process* : Break down the construction of individual decision trees and their role in improving the model's predictive power.

*Prediction Calculation* : Learn how XGBoost calculates predictions for regression tasks, combining the outputs of multiple weak learners.

📈 *Hands-On Mathematical Calculation* :
Witness a practical demonstration where we apply the mathematical concepts to a sample dataset, showcasing how XGBoost refines its predictions through each iteration.

📈 Original Research Paper: https://browse.arxiv.org/pdf/1603.02754.pdf


🔗 *XgBoost Series Videos* :
XgBoost Introduction: https://www.youtube.com/watch?v=C6aDw4y8qJ0
XgBoost For Regression: https://www.youtube.com/watch?v=gmp2tS2joaA
XgBoost For Classification: https://www.youtube.com/watch?v=mELtxVUNNrw
Maths Behind XgBoost: https://www.youtube.com/watch?v=0Eo-_5bfers

============================
Do you want to learn from me?
Check our affordable mentorship program at: https://learnwith.campusx.in
============================

📱 Grow with us:
CampusX' LinkedIn: https://www.linkedin.com/company/campusx-official
CampusX on Instagram for daily tips: https://www.instagram.com/campusx.official
My LinkedIn: https://www.linkedin.com/in/nitish-singh-03412789
Discord: https://discord.gg/PsWu8R87Z8

👍If you find this video helpful, consider giving it a thumbs up and subscribing for more educational videos on data science!

💭Share your thoughts, experiences, or questions in the comments below. I love hearing from you!

⌚Time Stamps⌚

00:00 - Intro
00:59 - The problem statement
02:24 - Solution Overview
10:42 - Step by Step Calculation
34:12 - Final Decision Tree
44:32 - Original Paper

✨ Hashtags✨
#DataScience #MachineLearning #Deeplearning  #CampusX #XGBoost #Regression  #PredictiveModeling #algorithmexplained  #TechTutorial #aiexplained",https://i.ytimg.com/vi/gmp2tS2joaA/maxresdefault.jpg,CampusX,76797,2395,85,2837,47.28,47:17,"47 Minutes, 17 Seconds",2023-10-24T12:58:03,https://www.youtube.com/watch?v=gmp2tS2joaA,"[#Education, #Engineering, #Campus, #Placement, #Skills, #Machine Learning, #Software, #Web Development, #Profile Building]","[#DataScience, #Deeplearning, #algorithmexplained, #aiexplained, #TechTutorial, #MachineLearning, #XGBoost, #PredictiveModeling, #CampusX, #Regression]",[],"[https://discord.gg/PsWu8R87Z8, https://www.linkedin.com/company/campusx-official, https://learnwith.campusx.in, https://www.linkedin.com/in/nitish-singh-03412789, https://www.youtube.com/watch?v=0Eo-_5bfers, https://www.instagram.com/campusx.official, https://browse.arxiv.org/pdf/1603.02754.pdf, https://www.youtube.com/watch?v=gmp2tS2joaA, https://www.youtube.com/watch?v=C6aDw4y8qJ0, https://www.youtube.com/watch?v=mELtxVUNNrw]"
XGBoost For Classification | How XGBoost works on Classification Problems | CampusX,"Explore how XGBoost takes on classification problems with precision and efficiency. From its intuitive framework to tackling real-world datasets, this video breaks down the essentials of using XGBoost for classification tasks. In this tutorial, we'll unravel the mathematical intricacies of XGBoost for classification, guiding you through each step of the process.

📈 Original Research Paper: https://browse.arxiv.org/pdf/1603.02754.pdf

🔗 *XgBoost Series Videos* :
XgBoost Introduction: https://www.youtube.com/watch?v=C6aDw4y8qJ0
XgBoost For Regression: https://www.youtube.com/watch?v=gmp2tS2joaA
XgBoost For Classification: https://www.youtube.com/watch?v=mELtxVUNNrw
Maths Behind XgBoost: https://www.youtube.com/watch?v=0Eo-_5bfers

============================
Do you want to learn from me?
Check my affordable mentorship program at: https://learnwith.campusx.in
============================

📱 Grow with us:
CampusX' LinkedIn: https://www.linkedin.com/company/campusx-official
CampusX on Instagram for daily tips: https://www.instagram.com/campusx.official
My LinkedIn: https://www.linkedin.com/in/nitish-singh-03412789
Discord: https://discord.gg/PsWu8R87Z8

👍If you find this video helpful, consider giving it a thumbs up and subscribing for more educational videos on data science!

💭Share your thoughts, experiences, or questions in the comments below. I love hearing from you!

⌚Time Stamps ⌚

00:00 - Intro
01:00 - Prerequisite & Disclaimer
04:04 - Problem Statement
05:19 - Overview
09:21 - Solution
38:25 - Outro

✨ Hashtags✨
#DataScience #MachineLearning #xgboost #campusx #classification #algorithmexplained #aiexplained",https://i.ytimg.com/vi/mELtxVUNNrw/maxresdefault.jpg,CampusX,58206,1936,86,2348,39.13,39:08,"39 Minutes, 8 Seconds",2023-11-12T03:14:03,https://www.youtube.com/watch?v=mELtxVUNNrw,"[#Education, #Engineering, #Campus, #Placement, #Skills, #Machine Learning, #Software, #Web Development, #Profile Building, #XGBoost, #Classification, #Predictive Modeling, #Ensemble Learning, #Data Science, #XGBoost Tutorial, #Classification Problems, #Gradient Boosting, #Decision Trees, #Model Performance, #Data Analysis, #Predictive Analytics, #Data Modeling]","[#DataScience, #classification, #algorithmexplained, #aiexplained, #MachineLearning, #campusx, #xgboost]",[],"[https://discord.gg/PsWu8R87Z8, https://www.linkedin.com/company/campusx-official, https://learnwith.campusx.in, https://www.linkedin.com/in/nitish-singh-03412789, https://www.youtube.com/watch?v=0Eo-_5bfers, https://www.instagram.com/campusx.official, https://browse.arxiv.org/pdf/1603.02754.pdf, https://www.youtube.com/watch?v=gmp2tS2joaA, https://www.youtube.com/watch?v=C6aDw4y8qJ0, https://www.youtube.com/watch?v=mELtxVUNNrw]"
The Maths Behind XGBoost | Machine Learning | CampusX,"In this tutorial, we unravel the intricate details of XGBoost, from boosting as an additive model to the derivation of the loss function, addressing challenges with the objective function, and introducing the solution using the Taylor Series. Whether you're a data science enthusiast, a student, or a seasoned practitioner, join us as we break down the complex mathematics behind XGBoost.

📈 Original Research Paper: https://browse.arxiv.org/pdf/1603.02754.pdf

🔗 XgBoost Series Videos:
XgBoost Introduction: https://www.youtube.com/watch?v=C6aDw4y8qJ0
XgBoost For Regression: https://www.youtube.com/watch?v=gmp2tS2joaA
XgBoost For Classification: https://www.youtube.com/watch?v=mELtxVUNNrw
Maths Behind XgBoost: https://www.youtube.com/watch?v=0Eo-_5bfers

============================
Do you want to learn from me?
Check my affordable mentorship program at : https://learnwith.campusx.in
============================

📱 Grow with us:
CampusX' LinkedIn: https://www.linkedin.com/company/campusx-official
CampusX on Instagram for daily tips: https://www.instagram.com/campusx.official
My LinkedIn: https://www.linkedin.com/in/nitish-singh-03412789
Discord: https://discord.gg/PsWu8R87Z8

👍If you find this video helpful, consider giving it a thumbs up and subscribing for more educational videos on data science! 
Share your thoughts, experiences, or questions in the comments below. I love hearing from you!

⌚Time Stamps⌚

00:00 - Intro
01:44 - The Plan
06:07 - Pre-requisite
07:12 - Boosting as an Additive Model
15:54 - XGBoost Loss Function
26:19 - The Derivation
37:01 - Taylor Series Expansion
50:04 - The solution to Taylor series
58:51 - Applying Taylor Series
01:06:00 - Simplification
01:29:08 - Output Value for Regression
01:36:43 - Output Value for Classification
01:39:52 - Derivation of Similarity Score
01:45:40 - Final Calculation of Similarity Score
01:56:56 - Outro

✨ Hashtags✨
#DataScience #MachineLearning #XGboost #CampusX #XGBoostMathematics #BoostingAlgorithm #AlgorithmDerivation #TaylorSeries #AIExplained",https://i.ytimg.com/vi/0Eo-_5bfers/maxresdefault.jpg,CampusX,61662,2540,168,7048,117.47,1:57:28,"1 Hours, 57 Minutes, 28 Seconds",2023-12-02T05:46:28,https://www.youtube.com/watch?v=0Eo-_5bfers,"[#Education, #Engineering, #Campus, #Placement, #Skills, #Machine Learning, #Software, #Profile Building, #XGBoost, #Extreme Gradient Boosting, #Ensemble Learning, #Machine Learning Algorithm, #Gradient Boosting, #Decision Trees, #Classification, #Regression, #Ensemble Models, #Predictive Modeling, #Feature Importance, #Regularization, #Hyperparameter Tuning, #Kaggle, #Data Science, #Scalable Machine Learning, #Boosting Algorithm, #Model Interpretability, #XGBoost Tutorial, #Model Performance, #Cross-Validation]","[#AIExplained, #DataScience, #TaylorSeries, #XGboost, #XGBoostMathematics, #AlgorithmDerivation, #MachineLearning, #CampusX, #BoostingAlgorithm]",[],"[https://discord.gg/PsWu8R87Z8, https://www.linkedin.com/company/campusx-official, https://learnwith.campusx.in, https://www.linkedin.com/in/nitish-singh-03412789, https://www.youtube.com/watch?v=0Eo-_5bfers, https://www.instagram.com/campusx.official, https://browse.arxiv.org/pdf/1603.02754.pdf, https://www.youtube.com/watch?v=gmp2tS2joaA, https://www.youtube.com/watch?v=C6aDw4y8qJ0, https://www.youtube.com/watch?v=mELtxVUNNrw]"
Stacking and Blending Ensembles,"In this video, we'll try to understand the concepts of stacking and blending ensembles, powerful techniques to enhance model performance in machine learning. We'll explain how combining multiple models strategically can lead to improved predictions and showcase their application in real-world scenarios.

Code used: https://github.com/campusx-official/100-days-of-machine-learning/tree/main/day68-stacking-and-blending

============================
Do you want to learn from me?
Check my affordable mentorship program at : https://learnwith.campusx.in
============================

📱 Grow with us:
CampusX' LinkedIn: https://www.linkedin.com/company/campusx-official
CampusX on Instagram for daily tips: https://www.instagram.com/campusx.official
My LinkedIn: https://www.linkedin.com/in/nitish-singh-03412789
Discord: https://discord.gg/PsWu8R87Z8
E-mail us at support@campusx.in

✨ Hashtags✨

#EnsembleLearning
#ModelStacking
#BlendingEnsembles
#BoostingPerformance
#MachineLearningTechniques
#ModelEnsemble

⌚Time Stamps⌚

00:00 - Intro
00:40 - What is Stacking?
09:25 - The problem with stacking
10:35 - Solutions
12:05 - Blending - using Hold Out Approach
17:44 - Stacking - K Fold Approach
25:32 - Multi Layer Stacking
31:28 - SKLearn implementation / Code Demo",https://i.ytimg.com/vi/O-aDHBGMqXA/maxresdefault.jpg,CampusX,56030,2080,84,2120,35.33,35:20,"35 Minutes, 20 Seconds",2021-09-30T13:30:09,https://www.youtube.com/watch?v=O-aDHBGMqXA,[],"[#BoostingPerformance, #ModelEnsemble, #EnsembleLearning, #MachineLearningTechniques, #BlendingEnsembles, #ModelStacking]",[support@campusx.in],"[https://discord.gg/PsWu8R87Z8, https://www.linkedin.com/company/campusx-official, https://learnwith.campusx.in, https://www.linkedin.com/in/nitish-singh-03412789, https://www.instagram.com/campusx.official, https://github.com/campusx-official/100-days-of-machine-learning/tree/main/day68-stacking-and-blending]"
K-Means Clustering Algorithm | Geometric Intuition | Clustering | Unsupervised Learning,"In this video, we are going to learn about the K-means clustering algorithm. k-means clustering is a method of vector quantization, originally from signal processing, that aims to partition n observations into k clusters in which each observation belongs to the cluster with the nearest mean, serving as a prototype of the cluster.

============================
Do you want to learn from me?
Check my affordable mentorship program at : https://learnwith.campusx.in/s/store
============================

📱 Grow with us:
CampusX' LinkedIn: https://www.linkedin.com/company/campusx-official
CampusX on Instagram for daily tips: https://www.instagram.com/campusx.official
My LinkedIn: https://www.linkedin.com/in/nitish-singh-03412789
Discord: https://discord.gg/PsWu8R87Z8
E-mail us at support@campusx.in

⌚Time Stamps⌚

00:00 - Intro
01:10 - Understanding K-Means Clustering through a problem statement
04:34 - Deciding Number of Clusters
04:56 - Initializing Centroids
05:41 - Assigning a Cluster
09:20 - Should we finish the clustering process
14:28 - K-Means Clustering (Elbow Method)",https://i.ytimg.com/vi/5shTLzwAdEc/maxresdefault.jpg,CampusX,211801,5810,154,1438,23.97,23:58,"23 Minutes, 58 Seconds",2021-08-24T14:30:01,https://www.youtube.com/watch?v=5shTLzwAdEc,"[#k means clustering, #k means clustering algorithm, #k means, #clustering algorithms, #clustering algorithms python, #clustering algorithms machine learning, #unsupervised machine learning, #elbow method, #elbow curve kmeans, #campusx, #machine learning algorithms for data science]",[],[support@campusx.in],"[https://discord.gg/PsWu8R87Z8, https://www.linkedin.com/company/campusx-official, https://learnwith.campusx.in/s/store, https://www.linkedin.com/in/nitish-singh-03412789, https://www.instagram.com/campusx.official]"
K-Means Clustering Algorithm in Python | Practical Example | Student Clustering Example | sklearn,"In this video, we will learn how to implement  Kmeans using python Sklearn library. We will use Kmeans to cluster students in a dataset. Join us as we walk you through the practical implementation of the K-Means Clustering algorithm in Python, using a student clustering example. Learn how to leverage the powerful Sklearn library to analyze and group students based on common characteristics. 

Code:
https://github.com/campusx-official/100-days-of-machine-learning/tree/main/kmeans

============================
Do you want to learn from me?
Check my affordable mentorship program at : https://learnwith.campusx.in/s/store
============================

📱 Grow with us:
CampusX' LinkedIn: https://www.linkedin.com/company/campusx-official
CampusX on Instagram for daily tips: https://www.instagram.com/campusx.official
My LinkedIn: https://www.linkedin.com/in/nitish-singh-03412789
Discord: https://discord.gg/PsWu8R87Z8
E-mail us at support@campusx.in",https://i.ytimg.com/vi/UPvv9SprgVo/maxresdefault.jpg,CampusX,101710,3057,46,613,10.22,10:13,"10 Minutes, 13 Seconds",2021-08-26T14:30:11,https://www.youtube.com/watch?v=UPvv9SprgVo,"[#k means in hindi, #k means kya hota hai, #k means clustering algorithm, #k means clustering, #kmeans in python, #kmeans practical example, #kmeans sklearn, #unsupervised learning, #campusx, #Nitish Singh Campusx, #machine learning algorithms for data science, #customer clustering, #customer segmentation]",[],[support@campusx.in],"[https://discord.gg/PsWu8R87Z8, https://www.linkedin.com/company/campusx-official, https://learnwith.campusx.in/s/store, https://www.linkedin.com/in/nitish-singh-03412789, https://github.com/campusx-official/100-days-of-machine-learning/tree/main/kmeans, https://www.instagram.com/campusx.official]"
K-Means Clustering Algorithm From Scratch In Python | ML Algorithms From Scratch,"In this video, we'll demystify the K-Means Clustering algorithm by implementing it from scratch in Python. Dive deep into the inner workings of K-Means as we build the algorithm step by step.

Code:
https://github.com/campusx-official/100-days-of-machine-learning/tree/main/kmeans

============================
Do you want to learn from me?
Check my affordable mentorship program at : https://learnwith.campusx.in/s/store
============================

📱 Grow with us:
CampusX' LinkedIn: https://www.linkedin.com/company/campusx-official
CampusX on Instagram for daily tips: https://www.instagram.com/campusx.official
My LinkedIn: https://www.linkedin.com/in/nitish-singh-03412789
Discord: https://discord.gg/PsWu8R87Z8
E-mail us at support@campusx.in

⌚Time Stamps⌚

00:00 - Intro
00:34 - Code Demo
01:55 - Creating a Class & Constructor
10:58 - Kmeans Intuition
32:05 - Running the Code",https://i.ytimg.com/vi/MFraC1JObUo/maxresdefault.jpg,CampusX,90102,2423,49,2033,33.88,33:53,"33 Minutes, 53 Seconds",2021-08-25T14:30:02,https://www.youtube.com/watch?v=MFraC1JObUo,"[#k means clustering algorithm, #kmeans clustering algorithm from scratch, #kmeans from scratch in python, #ml algorithms from scratch in python, #unsupervised learning, #campusx, #Nitish Singh Campusx]",[],[support@campusx.in],"[https://discord.gg/PsWu8R87Z8, https://www.linkedin.com/company/campusx-official, https://learnwith.campusx.in/s/store, https://www.linkedin.com/in/nitish-singh-03412789, https://github.com/campusx-official/100-days-of-machine-learning/tree/main/kmeans, https://www.instagram.com/campusx.official]"
Agglomerative Hierarchical Clustering | Python Code Example,"In this video, we'll delve into the concept of Agglomerative Hierarchical Clustering. This technique involves grouping similar data points together in a hierarchical manner, making it easier to understand patterns and relationships within the data.

Code Demo - https://github.com/campusx-official/agglomerative-hierarchical-clustering-demo

============================
Do you want to learn from me?
Check my affordable mentorship program at : https://learnwith.campusx.in
============================

📱 Grow with us:
CampusX' LinkedIn: https://www.linkedin.com/company/campusx-official
CampusX on Instagram for daily tips: https://www.instagram.com/campusx.official
My LinkedIn: https://www.linkedin.com/in/nitish-singh-03412789
Discord: https://discord.gg/PsWu8R87Z8
E-mail us at support@campusx.in

✨ Hashtags✨

#HierarchicalClustering
#DataClustering
#MachineLearningAlgorithms
#DataAnalysis
#ClusteringTechniques
#AgglomerativeClustering

⌚Time Stamps⌚

00:00 - Intro
00:29 - The Need for Other Clustering Methods
03:35 - Clustering Methods
04:50 - Types of Hierarchial Clustering
13:03 - Coding the Algorithm
18:20 - Types of Agglomerative Clustering
19:03 - Single Link
21:44 - Complete Link
24:01 - Group Average
25:31 - Ward
27:22 - How to find the ideal number of clusters
30:57 - Hyperparameters
32:10 - Code Example
34:12 - Benefits of Hierarchial Clustering
36:10 - Limitations
37:05 - Outro",https://i.ytimg.com/vi/Ka5i9TVUT-E/maxresdefault.jpg,CampusX,90443,2916,132,2243,37.38,37:23,"37 Minutes, 23 Seconds",2021-11-07T14:00:06,https://www.youtube.com/watch?v=Ka5i9TVUT-E,"[#Education, #Engineering, #Campus, #Placement, #Skills, #Machine Learning, #Software, #Web Development, #Profile Building]","[#DataClustering, #AgglomerativeClustering, #MachineLearningAlgorithms, #ClusteringTechniques, #DataAnalysis, #HierarchicalClustering]",[support@campusx.in],"[https://discord.gg/PsWu8R87Z8, https://www.linkedin.com/company/campusx-official, https://learnwith.campusx.in, https://www.linkedin.com/in/nitish-singh-03412789, https://github.com/campusx-official/agglomerative-hierarchical-clustering-demo, https://www.instagram.com/campusx.official]"
DBSCAN Clustering Algorithms | Density Based Clustering | How DBSCAN Works | CampusX,"In today's video, we dive deep into the world of clustering with a focus on DBSCAN (Density-Based Spatial Clustering of Applications with Noise). Whether you're a data science enthusiast, a student, or a professional looking to enhance your machine learning skills, this video is for you!

🚀 Why DBSCAN?
DBSCAN is a powerful tool in your clustering toolkit, providing robust performance in identifying clusters of varying shapes and handling outliers effectively.

Code - https://colab.research.google.com/drive/1yZ0bg0cK6X84u6rawgRgoPzlgAmhVy2E?usp=sharing

Viz tool - https://www.naftaliharris.com/blog/visualizing-dbscan-clustering/

============================
Do you want to learn from me?
Check my affordable mentorship program at: https://learnwith.campusx.in
============================

📱 Grow with us:
CampusX' LinkedIn: https://www.linkedin.com/company/campusx-official
CampusX on Instagram for daily tips: https://www.instagram.com/campusx.official
My LinkedIn: https://www.linkedin.com/in/nitish-singh-03412789
Discord: https://discord.gg/PsWu8R87Z8

👍If you find this video helpful, consider giving it a thumbs up and subscribing for more educational videos on data science!

💭Share your thoughts, experiences, or questions in the comments below. I love hearing from you!

⌚Time Stamps ⌚

00:00 - 00:31 - Intro
00:32 - 03:59 - Why DBSCAN?
04:00 - 06:28 - What is density based clustering?
06:29 - 08:41 - Epsilon Example
08:42 - 14:12 - 3 Types of points in DBSCAN
14:13 - 17:58 - Density connected points
17:59 - 25:20 - DBSCAN Algorithm
25:21 - 28:55 - DBSCAN Demo
28:56 - 32:40 - Limitations
32:41 - 34:00 - Visualization Tool
34:01 - 34:15 - Outro

✨ Hashtags✨
#DataScience #MachineLearning #Deeplearning #CampusX #DBSCAN #Clustering #AlgorithmExplained",https://i.ytimg.com/vi/1_bLnsNmhCI/maxresdefault.jpg,CampusX,79224,2517,118,2056,34.27,34:16,"34 Minutes, 16 Seconds",2023-12-17T00:29:03,https://www.youtube.com/watch?v=1_bLnsNmhCI,"[#Education, #Engineering, #Campus, #Placement, #Skills, #Machine Learning, #Software, #Web Development]","[#DataScience, #Deeplearning, #Clustering, #AlgorithmExplained, #MachineLearning, #DBSCAN, #CampusX]",[],"[https://discord.gg/PsWu8R87Z8, https://www.linkedin.com/company/campusx-official, https://learnwith.campusx.in, https://colab.research.google.com/drive/1yZ0bg0cK6X84u6rawgRgoPzlgAmhVy2E?usp=sharing, https://www.linkedin.com/in/nitish-singh-03412789, https://www.instagram.com/campusx.official, https://www.naftaliharris.com/blog/visualizing-dbscan-clustering/]"
Imbalanced Data in Machine Learning | Undersampling | Oversampling | SMOTE,"Imbalanced data refers to datasets where the distribution of classes is heavily skewed, with one class significantly outnumbering the others. Dealing with imbalanced data is crucial as it can lead to biased models that perform poorly on minority classes. Addressing Class Imbalance with Undersampling, Oversampling, SMOTE, and Ensemble Methods. Imbalanced datasets pose challenges for machine learning models, but techniques like undersampling (reducing majority class samples), oversampling (increasing minority class samples), SMOTE (Synthetic Minority Over-sampling Technique), and ensemble methods (combining multiple models) help mitigate bias and improve predictive performance on minority classes.

Code - https://colab.research.google.com/drive/1oHwgsV6_DHt-m-Hxl8DuM-BQbKJrqvcK?usp=sharing

============================
Did you like my teaching style?
Check my affordable mentorship program at : https://learnwith.campusx.in
DSMP FAQ: https://docs.google.com/document/d/1OsMe9jGHoZS67FH8TdIzcUaDWuu5RAbCbBKk2cNq6Dk/edit#heading=h.gvv0r2jo3vjw
============================

📱 Grow with us:
CampusX' LinkedIn: https://www.linkedin.com/company/campusx-official
CampusX on Instagram for daily tips: https://www.instagram.com/campusx.official
My LinkedIn: https://www.linkedin.com/in/nitish-singh-03412789
Discord: https://discord.gg/PsWu8R87Z8
E-mail us at support@campusx.in

✨ Hashtags✨
#Datascience #Machinelearning #Imbalanceddata #CampusX

⌚Time Stamps⌚

00:00 - Intro
00:54 - What is Imbalanced Data?
04:10 - Problems with Imbalanced Data
08:00 - Imbalanced Data Demo
11:13 - Why studying imbalanced data is important?
16:58 - Undersampling
25:56 - Oversampling
31:06 - SMOTE
42:43 - Ensemble Learning
47:06 - Cost Sensitive Learning

51:30 - Other techniques",https://i.ytimg.com/vi/yh2AKoJCV3k/maxresdefault.jpg,CampusX,78966,2510,115,3437,57.28,57:17,"57 Minutes, 17 Seconds",2024-05-04T09:29:32,https://www.youtube.com/watch?v=yh2AKoJCV3k,"[#Education, #Engineering, #Campus, #Placement, #Skills, #Machine Learning, #Software, #Web Development, #Profile Building]","[#Datascience, #Machinelearning, #Imbalanceddata, #CampusX, #heading]",[support@campusx.in],"[https://discord.gg/PsWu8R87Z8, https://www.linkedin.com/company/campusx-official, https://colab.research.google.com/drive/1oHwgsV6_DHt-m-Hxl8DuM-BQbKJrqvcK?usp=sharing, https://learnwith.campusx.in, https://www.linkedin.com/in/nitish-singh-03412789, https://www.instagram.com/campusx.official, https://docs.google.com/document/d/1OsMe9jGHoZS67FH8TdIzcUaDWuu5RAbCbBKk2cNq6Dk/edit#heading=h.gvv0r2jo3vjw]"
Hyperparameter Tuning using Optuna | Bayesian Optimization using Optuna,"Optuna Paper - https://arxiv.org/pdf/1907.10902

Bayesian Optimization (TPE) Paper - https://arxiv.org/pdf/2304.11127

Code - https://colab.research.google.com/drive/1s-0-uDi2NmpJHCqPJefkbDKoCbfHyxqV?usp=sharing",https://i.ytimg.com/vi/E2b3SKMw934/maxresdefault.jpg,CampusX,72353,2860,231,3563,59.38,59:23,"59 Minutes, 23 Seconds",2024-09-24T15:36:42,https://www.youtube.com/watch?v=E2b3SKMw934,"[#Education, #Engineering, #Campus, #Placement, #Skills, #Machine Learning, #Software, #Web Development, #Profile Building]",[],[],"[https://arxiv.org/pdf/1907.10902, https://colab.research.google.com/drive/1s-0-uDi2NmpJHCqPJefkbDKoCbfHyxqV?usp=sharing, https://arxiv.org/pdf/2304.11127]"
